THERE_BE_DRAGONS_HERE
Error: command bash -c 'unzip -o -d "/home/tato/Pharo/vms/130-x64" "/home/tato/Pharo/vms/130-x64.zip"' failed
29 June 2024 11:26:36.125418 am

VM: unix - x86_64 - linux-gnu - CoInterpreter * VMMaker-tonel.1 uuid: ad0a8882-d297-0d00-90d3-62ff092bce84 Mar 30 2022
StackToRegisterMappingCogit * VMMaker-tonel.1 uuid: ad0a8882-d297-0d00-90d3-62ff092bce84 Mar 30 2022
v9.0.14 - Commit: 93600e1 - Date: 2022-03-30 16:40:05 +0200

Image: Pharo10.0.0 [Build information: Pharo-10.0.0+build.514.sha.06180671d95a16c446fe24e3fedb0916c1bcb31a (64 Bit)]

PhLProcessWrapper(Object)>>error:
	Receiver: a PhLProcessWrapper
	Arguments and temporary variables: 
		aString: 	'command bash -c ''unzip -o -d "/home/tato/Pharo/vms/130-x64" "/home/t...etc...
	Receiver's instance variables: 
		process: 	OSSUnixSubprocess(Command: /bin/bash; Pid: 5583; Status: normal termin...etc...
		arguments: 	an OrderedCollection('unzip' '-o' '-d' '"/home/tato/Pharo/vms/130-x6...etc...
		command: 	nil
		workingDirectory: 	nil
		isShellCommand: 	true
		useLoginShell: 	false


PhLProcessWrapper>>runAndWait
	Receiver: a PhLProcessWrapper
	Arguments and temporary variables: 
x
	Receiver's instance variables: 
		process: 	OSSUnixSubprocess(Command: /bin/bash; Pid: 5583; Status: normal termin...etc...
		arguments: 	an OrderedCollection('unzip' '-o' '-d' '"/home/tato/Pharo/vms/130-x6...etc...
		command: 	nil
		workingDirectory: 	nil
		isShellCommand: 	true
		useLoginShell: 	false


PhLVirtualMachineManager class>>systemUnzip:to:
	Receiver: PhLVirtualMachineManager
	Arguments and temporary variables: 
		aZipFileReference: 	{launcherUserFilesLocation}/vms/130-x64.zip
		outputDirectory: 	{launcherUserFilesLocation}//home/tato/Pharo/vms/130-x64
	Receiver's instance variables: 
		superclass: 	Object
		methodDict: 	a MethodDictionary(#availableVirtualMachines->PhLVirtualMachineMana...etc...
		format: 	65539
		layout: 	a FixedLayout
		organization: 	a ClassOrganization
		subclasses: 	{PhLTestVirtualMachineManager}
		name: 	#PhLVirtualMachineManager
		classPool: 	a Dictionary()
		sharedPools: 	an OrderedCollection()
		environment: 	a SystemDictionary(lots of globals)
		category: 	#'PharoLauncher-Core-Download'
		vmStore: 	{launcherUserFilesLocation}/vms


PhLVirtualMachineManager class>>unzip:to:
	Receiver: PhLVirtualMachineManager
	Arguments and temporary variables: 
		aZipFileReference: 	{launcherUserFilesLocation}/vms/130-x64.zip
		outputDirectory: 	{launcherUserFilesLocation}//home/tato/Pharo/vms/130-x64
	Receiver's instance variables: 
		superclass: 	Object
		methodDict: 	a MethodDictionary(#availableVirtualMachines->PhLVirtualMachineMana...etc...
		format: 	65539
		layout: 	a FixedLayout
		organization: 	a ClassOrganization
		subclasses: 	{PhLTestVirtualMachineManager}
		name: 	#PhLVirtualMachineManager
		classPool: 	a Dictionary()
		sharedPools: 	an OrderedCollection()
		environment: 	a SystemDictionary(lots of globals)
		category: 	#'PharoLauncher-Core-Download'
		vmStore: 	{launcherUserFilesLocation}/vms


PhLVirtualMachineManager class>>fetch:to:
	Receiver: PhLVirtualMachineManager
	Arguments and temporary variables: 
		aVmUrl: 	'https://files.pharo.org/get-files/130/pharo-vm-Linux-x86_64-stable.zip...etc...
		targetFile: 	{launcherUserFilesLocation}/vms/130-x64.zip
	Receiver's instance variables: 
		superclass: 	Object
		methodDict: 	a MethodDictionary(#availableVirtualMachines->PhLVirtualMachineMana...etc...
		format: 	65539
		layout: 	a FixedLayout
		organization: 	a ClassOrganization
		subclasses: 	{PhLTestVirtualMachineManager}
		name: 	#PhLVirtualMachineManager
		classPool: 	a Dictionary()
		sharedPools: 	an OrderedCollection()
		environment: 	a SystemDictionary(lots of globals)
		category: 	#'PharoLauncher-Core-Download'
		vmStore: 	{launcherUserFilesLocation}/vms


PhLVirtualMachine>>updateFromUrl
	Receiver: a PhLVirtualMachine(130-x64)
	Arguments and temporary variables: 
x
	Receiver's instance variables: 
		executableRef: 	nil
		vmBinaryRef: 	nil
		name: 	nil
		manager: 	a PhLVirtualMachineManager
		flavour: 	''
		id: 	'130-x64'
		blessing: 	'stable'
		arch: 	'64'


PhLVirtualMachine>>isValidAfterUpdate
	Receiver: a PhLVirtualMachine(130-x64)
	Arguments and temporary variables: 
x
	Receiver's instance variables: 
		executableRef: 	nil
		vmBinaryRef: 	nil
		name: 	nil
		manager: 	a PhLVirtualMachineManager
		flavour: 	''
		id: 	'130-x64'
		blessing: 	'stable'
		arch: 	'64'


PhLLaunchConfiguration>>launchProcess
	Receiver: PhLLaunchConfiguration(Default)
	Arguments and temporary variables: 
x
	Receiver's instance variables: 
		image: 	Image (Pharo 13.0 - 64bit (development version, latest))
		name: 	'Default'
		imageArguments: 	an OrderedCollection()
		usePharoSettings: 	true
		vm: 	a PhLVirtualMachine(130-x64)
		vmArguments: 	nil


[ | processWrapper|
		processWrapper := (aPhLLaunchConfiguration launchProcess) runUnwatch.
		self doNotRunInitializationScript. "Just run, image already initialized"
		^ processWrapper ] in [ [ | processWrapper|
		processWrapper := (aPhLLaunchConfiguration launchProcess) runUnwatch.
		self doNotRunInitializationScript. "Just run, image already initialized"
		^ processWrapper ]
	on: PhLImageVersionDeterminationError
	do: [ :error | error uiAlert ] ] in PhLImage>>launchWithConfiguration:
	Receiver: Image (Pharo 13.0 - 64bit (development version, latest))
	Arguments and temporary variables: 
		architectureWarningEnabled: 	true
		continue: 	true
		aPhLLaunchConfiguration: 	PhLLaunchConfiguration(Default)
		processWrapper: 	nil
	Receiver's instance variables: 
		file: 	{launcherUserFilesLocation}/images/Pharo 13.0 - 64bit (development versio...etc...
		description: 	nil
		formatNumber: 	68021
		architecture: 	'64'
		pharoVersion: 	'130'
		originTemplate: 	Image template (Pharo 13.0 - 64bit (development version, latest...etc...
		vmManager: 	a PhLVirtualMachineManager
		launchConfigurations: 	an OrderedCollection(PhLLaunchConfiguration(Default))
		initializationScript: 	nil
		shouldRunInitializationScript: 	true


FullBlockClosure(BlockClosure)>>on:do:
	Receiver: [ | processWrapper|
		processWrapper := (aPhLLaunchConfiguration launchProcess) runUnwatch...etc...
	Arguments and temporary variables: 
		exception: 	PhLImageVersionDeterminationError
		handlerAction: 	[ :error | error uiAlert ]
	Receiver's instance variables: 
		outerContext: 	[ [ | processWrapper|
		processWrapper := (aPhLLaunchConfiguratio...etc...
		startpc: 	a CompiledBlock: [ | processWrapper|
		processWrapper := (aPhLLaunchCo...etc...
		numArgs: 	0
		receiver: 	Image (Pharo 13.0 - 64bit (development version, latest))


[ [ | processWrapper|
		processWrapper := (aPhLLaunchConfiguration launchProcess) runUnwatch.
		self doNotRunInitializationScript. "Just run, image already initialized"
		^ processWrapper ]
	on: PhLImageVersionDeterminationError
	do: [ :error | error uiAlert ] ] in PhLImage>>launchWithConfiguration:
	Receiver: Image (Pharo 13.0 - 64bit (development version, latest))
	Arguments and temporary variables: 
		architectureWarningEnabled: 	true
		continue: 	true
		aPhLLaunchConfiguration: 	PhLLaunchConfiguration(Default)
	Receiver's instance variables: 
		file: 	{launcherUserFilesLocation}/images/Pharo 13.0 - 64bit (development versio...etc...
		description: 	nil
		formatNumber: 	68021
		architecture: 	'64'
		pharoVersion: 	'130'
		originTemplate: 	Image template (Pharo 13.0 - 64bit (development version, latest...etc...
		vmManager: 	a PhLVirtualMachineManager
		launchConfigurations: 	an OrderedCollection(PhLLaunchConfiguration(Default))
		initializationScript: 	nil
		shouldRunInitializationScript: 	true


FullBlockClosure(BlockClosure)>>on:do:
	Receiver: [ [ | processWrapper|
		processWrapper := (aPhLLaunchConfiguration launchProcess) runUnwat...etc...
	Arguments and temporary variables: 
		exception: 	PhLArchitectureMismatchWarning
		handlerAction: 	[ :warning |
		architectureWarningEnabled ifTrue: [ 	
			archite...etc...
	Receiver's instance variables: 
		outerContext: 	PhLImage>>launchWithConfiguration:
		startpc: 	a CompiledBlock: [ [ | processWrapper|
		processWrapper := (aPhLLaunch...etc...
		numArgs: 	0
		receiver: 	Image (Pharo 13.0 - 64bit (development version, latest))


PhLImage>>launchWithConfiguration:
	Receiver: Image (Pharo 13.0 - 64bit (development version, latest))
	Arguments and temporary variables: 
		architectureWarningEnabled: 	true
		continue: 	true
		aPhLLaunchConfiguration: 	PhLLaunchConfiguration(Default)
	Receiver's instance variables: 
		file: 	{launcherUserFilesLocation}/images/Pharo 13.0 - 64bit (development versio...etc...
		description: 	nil
		formatNumber: 	68021
		architecture: 	'64'
		pharoVersion: 	'130'
		originTemplate: 	Image template (Pharo 13.0 - 64bit (development version, latest...etc...
		vmManager: 	a PhLVirtualMachineManager
		launchConfigurations: 	an OrderedCollection(PhLLaunchConfiguration(Default))
		initializationScript: 	nil
		shouldRunInitializationScript: 	true


[ 
		launchConfig := self launchConfigurationOfImage: aPhLImage.
		launchConfig useSettings: useSettings.
		process := aPhLImage launchWithConfiguration: launchConfig ] in PhLLaunchImageCommand>>launchImage:
	Receiver: a PhLLaunchImageCommand
	Arguments and temporary variables: 
		aPhLImage: 	Image (Pharo 13.0 - 64bit (development version, latest))
		process: 	nil
		launchConfig: 	PhLLaunchConfiguration(Default)
	Receiver's instance variables: 
		context: 	a PhLImagesPresenter
		basicName: 	'Launch'
		basicDescription: 	'Launch the selected image with the appropriate virtual machi...etc...
		useSettings: 	true


FullBlockClosure(BlockClosure)>>on:do:
	Receiver: [ 
		launchConfig := self launchConfigurationOfImage: aPhLImage.
		launchConfig useSetting...etc...
	Arguments and temporary variables: 
		exception: 	PhLError
		handlerAction: 	[ :error | error uiAlert. ^ process ]
	Receiver's instance variables: 
		outerContext: 	PhLLaunchImageCommand>>launchImage:
		startpc: 	a CompiledBlock: [ 
		launchConfig := self launchConfigurationOfImage:...etc...
		numArgs: 	0
		receiver: 	a PhLLaunchImageCommand


PhLLaunchImageCommand>>launchImage:
	Receiver: a PhLLaunchImageCommand
	Arguments and temporary variables: 
		process: 	nil
		launchConfig: 	PhLLaunchConfiguration(Default)
		aPhLImage: 	Image (Pharo 13.0 - 64bit (development version, latest))
	Receiver's instance variables: 
		context: 	a PhLImagesPresenter
		basicName: 	'Launch'
		basicDescription: 	'Launch the selected image with the appropriate virtual machi...etc...
		useSettings: 	true


PhLLaunchImageCommand>>launchSelectedImage
	Receiver: a PhLLaunchImageCommand
	Arguments and temporary variables: 
x
	Receiver's instance variables: 
		context: 	a PhLImagesPresenter
		basicName: 	'Launch'
		basicDescription: 	'Launch the selected image with the appropriate virtual machi...etc...
		useSettings: 	true


PhLLaunchImageCommand>>execute
	Receiver: a PhLLaunchImageCommand
	Arguments and temporary variables: 
x
	Receiver's instance variables: 
		context: 	a PhLImagesPresenter
		basicName: 	'Launch'
		basicDescription: 	'Launch the selected image with the appropriate virtual machi...etc...
		useSettings: 	true


SpCommand(CmCommandDecorator)>>execute
	Receiver: a SpCommand(Launch)
	Arguments and temporary variables: 
x
	Receiver's instance variables: 
		decoratedCommand: 	a PhLLaunchImageCommand
		iconProvider: 	a ThemeIcons(idea11)
		iconName: 	#smallDoItIcon
		shortcutKey: 	Meta + L
		displayStrategy: 	a CmUIDisableWhenCantBeRun
		positionStrategy: 	a CmUILeftPositionStrategy
		buildPresenterBlock: 	[ :specCommand | 
			aButtonClass new
				label: specComma...etc...
		presenter: 	a SpToolbarButtonPresenter


[ specCommand execute ] in [ :specCommand | 
			aButtonClass new
				label: specCommand name;
				help: specCommand description;
				in: [ :button | 
					specCommand hasIcon
						ifTrue: [ button icon: specCommand icon ] ];
				action: [ specCommand execute ];
				yourself ] in SpCommand>>configureAsButtonOfClass:
	Receiver: a SpCommand(Launch)
	Arguments and temporary variables: 
		aButtonClass: 	nil
		specCommand: 	a SpCommand(Launch)
	Receiver's instance variables: 
		decoratedCommand: 	a PhLLaunchImageCommand
		iconProvider: 	a ThemeIcons(idea11)
		iconName: 	#smallDoItIcon
		shortcutKey: 	Meta + L
		displayStrategy: 	a CmUIDisableWhenCantBeRun
		positionStrategy: 	a CmUILeftPositionStrategy
		buildPresenterBlock: 	[ :specCommand | 
			aButtonClass new
				label: specComma...etc...
		presenter: 	a SpToolbarButtonPresenter


FullBlockClosure(BlockClosure)>>cull:
	Receiver: [ specCommand execute ]
	Arguments and temporary variables: 
		anArg: 	a SpToolbarButtonPresenter
	Receiver's instance variables: 
		outerContext: 	[ :specCommand | 
			aButtonClass new
				label: specCommand name...etc...
		startpc: 	a CompiledBlock: [ specCommand execute ]
		numArgs: 	0
		receiver: 	a SpCommand(Launch)


SpMorphicToolbarButtonAdapter>>execute
	Receiver: a SpMorphicToolbarButtonAdapter
	Arguments and temporary variables: 
x
	Receiver's instance variables: 
		dependents: 	a DependentsArray(a SpToolbarButtonMorph(1001933568))
		announcer: 	nil
		model: 	a SpToolbarButtonPresenter
		widget: 	a SpToolbarButtonMorph(1001933568)
		selector: 	nil
		owner: 	a SpToolbarButtonPresenter
		unsubscribed: 	false


SpToolbarButtonMorph(PluggableButtonMorph)>>performAction:
	Receiver: a SpToolbarButtonMorph(1001933568)
	Arguments and temporary variables: 
		event: 	[(747@34) mouseUp 155038 nil]
	Receiver's instance variables: 
		bounds: 	(732.0@9.0) corner: (777.0@43.0)
		owner: 	a Morph(278443008)
		submorphs: 	an Array(an AlignmentMorph(469332224))
		fullBounds: 	(732@9) corner: (777@43)
		color: 	(Color r: 0.9012707722385142 g: 0.9012707722385142 b: 0.9012707722385142...etc...
		extension: 	a MorphExtension (573581056) [balloonText]  [other:  (presenter -> a...etc...
		borderWidth: 	0
		borderColor: 	#simple
		model: 	a SpMorphicToolbarButtonAdapter
		label: 	'Launch'
		icon: 	Form(13x13x32)
		getIconSelector: 	#icon
		getStateSelector: 	#state
		actionSelector: 	#execute
		font: 	a LogicalFont
 familyName: 'Source Sans Pro'
 emphasis: nil
 pointSize: 7...etc...
		getLabelSelector: 	#label
		getMenuSelector: 	nil
		shortcutCharacter: 	nil
		askBeforeChanging: 	false
		triggerOnMouseDown: 	false
		offColor: 	nil
		onColor: 	nil
		feedbackColor: 	nil
		showSelectionFeedback: 	false
		allButtons: 	nil
		arguments: 	#()
		argumentsProvider: 	nil
		argumentsSelector: 	nil
		enabled: 	true
		actionBlock: 	nil
		getColorSelector: 	nil
		getEnabledSelector: 	nil
		getFontSelector: 	nil
		labelMorph: 	a LabelMorph(257857536)'Launch'
		iconMorph: 	an ImageMorph(124056832)
		iconPosition: 	#top
		lastState: 	false
		badgeFont: 	nil
		badgeSelector: 	#badge


[:m |
		(m containsPoint: evt cursorPoint) ifTrue: [m enabled ifTrue: [ m performAction: evt ]]] in SpToolbarButtonMorph(PluggableButtonMorph)>>mouseUp:
	Receiver: a SpToolbarButtonMorph(1001933568)
	Arguments and temporary variables: 
		evt: 	[(747@34) mouseUp 155038 nil]
		all: 	an Array(a SpToolbarButtonMorph(1001933568) a SpToolbarButtonMorph(8911016...etc...
		m: 	a SpToolbarButtonMorph(1001933568)
	Receiver's instance variables: 
		bounds: 	(732.0@9.0) corner: (777.0@43.0)
		owner: 	a Morph(278443008)
		submorphs: 	an Array(an AlignmentMorph(469332224))
		fullBounds: 	(732@9) corner: (777@43)
		color: 	(Color r: 0.9012707722385142 g: 0.9012707722385142 b: 0.9012707722385142...etc...
		extension: 	a MorphExtension (573581056) [balloonText]  [other:  (presenter -> a...etc...
		borderWidth: 	0
		borderColor: 	#simple
		model: 	a SpMorphicToolbarButtonAdapter
		label: 	'Launch'
		icon: 	Form(13x13x32)
		getIconSelector: 	#icon
		getStateSelector: 	#state
		actionSelector: 	#execute
		font: 	a LogicalFont
 familyName: 'Source Sans Pro'
 emphasis: nil
 pointSize: 7...etc...
		getLabelSelector: 	#label
		getMenuSelector: 	nil
		shortcutCharacter: 	nil
		askBeforeChanging: 	false
		triggerOnMouseDown: 	false
		offColor: 	nil
		onColor: 	nil
		feedbackColor: 	nil
		showSelectionFeedback: 	false
		allButtons: 	nil
		arguments: 	#()
		argumentsProvider: 	nil
		argumentsSelector: 	nil
		enabled: 	true
		actionBlock: 	nil
		getColorSelector: 	nil
		getEnabledSelector: 	nil
		getFontSelector: 	nil
		labelMorph: 	a LabelMorph(257857536)'Launch'
		iconMorph: 	an ImageMorph(124056832)
		iconPosition: 	#top
		lastState: 	false
		badgeFont: 	nil
		badgeSelector: 	#badge


Array(SequenceableCollection)>>do:
	Receiver: an Array(a SpToolbarButtonMorph(1001933568) a SpToolbarButtonMorph(891101696) a SpToolbarB...etc...
	Arguments and temporary variables: 
		aBlock: 	[:m |
		(m containsPoint: evt cursorPoint) ifTrue: [m enabled ifTrue: [...etc...
		index: 	1
	Receiver's instance variables: 
an Array(a SpToolbarButtonMorph(1001933568) a SpToolbarButtonMorph(891101696) a SpToolbarB...etc...

SpToolbarButtonMorph(PluggableButtonMorph)>>mouseUp:
	Receiver: a SpToolbarButtonMorph(1001933568)
	Arguments and temporary variables: 
		evt: 	[(747@34) mouseUp 155038 nil]
		all: 	an Array(a SpToolbarButtonMorph(1001933568) a SpToolbarButtonMorph(8911016...etc...
	Receiver's instance variables: 
		bounds: 	(732.0@9.0) corner: (777.0@43.0)
		owner: 	a Morph(278443008)
		submorphs: 	an Array(an AlignmentMorph(469332224))
		fullBounds: 	(732@9) corner: (777@43)
		color: 	(Color r: 0.9012707722385142 g: 0.9012707722385142 b: 0.9012707722385142...etc...
		extension: 	a MorphExtension (573581056) [balloonText]  [other:  (presenter -> a...etc...
		borderWidth: 	0
		borderColor: 	#simple
		model: 	a SpMorphicToolbarButtonAdapter
		label: 	'Launch'
		icon: 	Form(13x13x32)
		getIconSelector: 	#icon
		getStateSelector: 	#state
		actionSelector: 	#execute
		font: 	a LogicalFont
 familyName: 'Source Sans Pro'
 emphasis: nil
 pointSize: 7...etc...
		getLabelSelector: 	#label
		getMenuSelector: 	nil
		shortcutCharacter: 	nil
		askBeforeChanging: 	false
		triggerOnMouseDown: 	false
		offColor: 	nil
		onColor: 	nil
		feedbackColor: 	nil
		showSelectionFeedback: 	false
		allButtons: 	nil
		arguments: 	#()
		argumentsProvider: 	nil
		argumentsSelector: 	nil
		enabled: 	true
		actionBlock: 	nil
		getColorSelector: 	nil
		getEnabledSelector: 	nil
		getFontSelector: 	nil
		labelMorph: 	a LabelMorph(257857536)'Launch'
		iconMorph: 	an ImageMorph(124056832)
		iconPosition: 	#top
		lastState: 	false
		badgeFont: 	nil
		badgeSelector: 	#badge


SpToolbarButtonMorph(Morph)>>handleMouseUp:
	Receiver: a SpToolbarButtonMorph(1001933568)
	Arguments and temporary variables: 
		anEvent: 	[(747@34) mouseUp 155038 nil]
		result: 	nil
	Receiver's instance variables: 
		bounds: 	(732.0@9.0) corner: (777.0@43.0)
		owner: 	a Morph(278443008)
		submorphs: 	an Array(an AlignmentMorph(469332224))
		fullBounds: 	(732@9) corner: (777@43)
		color: 	(Color r: 0.9012707722385142 g: 0.9012707722385142 b: 0.9012707722385142...etc...
		extension: 	a MorphExtension (573581056) [balloonText]  [other:  (presenter -> a...etc...
		borderWidth: 	0
		borderColor: 	#simple
		model: 	a SpMorphicToolbarButtonAdapter
		label: 	'Launch'
		icon: 	Form(13x13x32)
		getIconSelector: 	#icon
		getStateSelector: 	#state
		actionSelector: 	#execute
		font: 	a LogicalFont
 familyName: 'Source Sans Pro'
 emphasis: nil
 pointSize: 7...etc...
		getLabelSelector: 	#label
		getMenuSelector: 	nil
		shortcutCharacter: 	nil
		askBeforeChanging: 	false
		triggerOnMouseDown: 	false
		offColor: 	nil
		onColor: 	nil
		feedbackColor: 	nil
		showSelectionFeedback: 	false
		allButtons: 	nil
		arguments: 	#()
		argumentsProvider: 	nil
		argumentsSelector: 	nil
		enabled: 	true
		actionBlock: 	nil
		getColorSelector: 	nil
		getEnabledSelector: 	nil
		getFontSelector: 	nil
		labelMorph: 	a LabelMorph(257857536)'Launch'
		iconMorph: 	an ImageMorph(124056832)
		iconPosition: 	#top
		lastState: 	false
		badgeFont: 	nil
		badgeSelector: 	#badge


MouseButtonEvent>>sentTo:
	Receiver: [(747@34) mouseUp 155038 nil]
	Arguments and temporary variables: 
		anObject: 	a SpToolbarButtonMorph(1001933568)
	Receiver's instance variables: 
		timeStamp: 	155038
		source: 	a HandMorph(187254272)
		windowIndex: 	nil
		type: 	#mouseUp
		buttons: 	0
		position: 	(747@34)
		handler: 	nil
		wasHandled: 	true
		whichButton: 	4


SpToolbarButtonMorph(Morph)>>handleEvent:
	Receiver: a SpToolbarButtonMorph(1001933568)
	Arguments and temporary variables: 
		anEvent: 	[(747@34) mouseUp 155038 nil]
	Receiver's instance variables: 
		bounds: 	(732.0@9.0) corner: (777.0@43.0)
		owner: 	a Morph(278443008)
		submorphs: 	an Array(an AlignmentMorph(469332224))
		fullBounds: 	(732@9) corner: (777@43)
		color: 	(Color r: 0.9012707722385142 g: 0.9012707722385142 b: 0.9012707722385142...etc...
		extension: 	a MorphExtension (573581056) [balloonText]  [other:  (presenter -> a...etc...
		borderWidth: 	0
		borderColor: 	#simple
		model: 	a SpMorphicToolbarButtonAdapter
		label: 	'Launch'
		icon: 	Form(13x13x32)
		getIconSelector: 	#icon
		getStateSelector: 	#state
		actionSelector: 	#execute
		font: 	a LogicalFont
 familyName: 'Source Sans Pro'
 emphasis: nil
 pointSize: 7...etc...
		getLabelSelector: 	#label
		getMenuSelector: 	nil
		shortcutCharacter: 	nil
		askBeforeChanging: 	false
		triggerOnMouseDown: 	false
		offColor: 	nil
		onColor: 	nil
		feedbackColor: 	nil
		showSelectionFeedback: 	false
		allButtons: 	nil
		arguments: 	#()
		argumentsProvider: 	nil
		argumentsSelector: 	nil
		enabled: 	true
		actionBlock: 	nil
		getColorSelector: 	nil
		getEnabledSelector: 	nil
		getFontSelector: 	nil
		labelMorph: 	a LabelMorph(257857536)'Launch'
		iconMorph: 	an ImageMorph(124056832)
		iconPosition: 	#top
		lastState: 	false
		badgeFont: 	nil
		badgeSelector: 	#badge


SpToolbarButtonMorph(Morph)>>handleFocusEvent:
	Receiver: a SpToolbarButtonMorph(1001933568)
	Arguments and temporary variables: 
		anEvent: 	[(747@34) mouseUp 155038 nil]
	Receiver's instance variables: 
		bounds: 	(732.0@9.0) corner: (777.0@43.0)
		owner: 	a Morph(278443008)
		submorphs: 	an Array(an AlignmentMorph(469332224))
		fullBounds: 	(732@9) corner: (777@43)
		color: 	(Color r: 0.9012707722385142 g: 0.9012707722385142 b: 0.9012707722385142...etc...
		extension: 	a MorphExtension (573581056) [balloonText]  [other:  (presenter -> a...etc...
		borderWidth: 	0
		borderColor: 	#simple
		model: 	a SpMorphicToolbarButtonAdapter
		label: 	'Launch'
		icon: 	Form(13x13x32)
		getIconSelector: 	#icon
		getStateSelector: 	#state
		actionSelector: 	#execute
		font: 	a LogicalFont
 familyName: 'Source Sans Pro'
 emphasis: nil
 pointSize: 7...etc...
		getLabelSelector: 	#label
		getMenuSelector: 	nil
		shortcutCharacter: 	nil
		askBeforeChanging: 	false
		triggerOnMouseDown: 	false
		offColor: 	nil
		onColor: 	nil
		feedbackColor: 	nil
		showSelectionFeedback: 	false
		allButtons: 	nil
		arguments: 	#()
		argumentsProvider: 	nil
		argumentsSelector: 	nil
		enabled: 	true
		actionBlock: 	nil
		getColorSelector: 	nil
		getEnabledSelector: 	nil
		getFontSelector: 	nil
		labelMorph: 	a LabelMorph(257857536)'Launch'
		iconMorph: 	an ImageMorph(124056832)
		iconPosition: 	#top
		lastState: 	false
		badgeFont: 	nil
		badgeSelector: 	#badge


[
		result := focusHolder handleFocusEvent: transformedEvent.
	] in HandMorph>>sendFocusEvent:to:clear:
	Receiver: a HandMorph(187254272)
	Arguments and temporary variables: 
		anEvent: 	[(747@34) mouseUp 155038 nil]
		focusHolder: 	a SpToolbarButtonMorph(1001933568)
		aBlock: 	[self mouseFocus: nil]
		w: 	a WorldMorph(757016832) [world]
		transformedEvent: 	[(747@34) mouseUp 155038 nil]
		result: 	nil
	Receiver's instance variables: 
		bounds: 	(747@34) corner: (763@50)
		owner: 	a WorldMorph(757016832) [world]
		submorphs: 	#()
		fullBounds: 	(747@34) corner: (763@50)
		color: 	Color blue
		extension: 	nil
		mouseFocus: 	nil
		keyboardFocus: 	a Morph(264137984)
		eventListeners: 	nil
		mouseListeners: 	nil
		mouseClickState: 	nil
		mouseOverHandler: 	a MouseOverHandler
		lastMouseEvent: 	[(747@34) mouseUp 155038 nil]
		targetOffset: 	(15.0@25.0)
		damageRecorder: 	a DamageRecorder
		cacheCanvas: 	nil
		cachedCanvasHasHoles: 	false
		temporaryCursor: 	nil
		temporaryCursorOffset: 	nil
		hardwareCursor: 	nil
		hasChanged: 	true
		savedPatch: 	nil
		lastEventBuffer: 	#(1 0 0 0 0 0 nil nil)
		captureBlock: 	nil
		recentModifiers: 	0
		pendingEventQueue: 	WaitfreeQueue with 0 items
		supressNextKeyPress: 	false


FullBlockClosure(BlockClosure)>>on:do:
	Receiver: [
		result := focusHolder handleFocusEvent: transformedEvent.
	]
	Arguments and temporary variables: 
		exception: 	Error
		handlerAction: 	[ :ex | 
			ActiveWorld := priorWorld.
			ex pass ]
	Receiver's instance variables: 
		outerContext: 	HandMorph>>sendFocusEvent:to:clear:
		startpc: 	a CompiledBlock: [
		result := focusHolder handleFocusEvent: transform...etc...
		numArgs: 	0
		receiver: 	a HandMorph(187254272)


WorldMorph>>becomeActiveDuring:
	Receiver: a WorldMorph(757016832) [world]
	Arguments and temporary variables: 
		aBlock: 	[
		result := focusHolder handleFocusEvent: transformedEvent.
	]
		priorWorld: 	a WorldMorph(757016832) [world]
	Receiver's instance variables: 
		bounds: 	(0@0) corner: (1854@1011)
		owner: 	nil
		submorphs: 	an Array(a Morph(108771840))
		fullBounds: 	nil
		color: 	Color white
		extension: 	a MorphExtension (366966272) [other:  (dragEnabled -> true) (dropEna...etc...
		borderWidth: 	4
		borderColor: 	Color white
		backgroundMorph: 	nil
		worldState: 	a WorldState
		griddingOn: 	nil


HandMorph>>sendFocusEvent:to:clear:
	Receiver: a HandMorph(187254272)
	Arguments and temporary variables: 
		result: 	nil
		anEvent: 	[(747@34) mouseUp 155038 nil]
		focusHolder: 	a SpToolbarButtonMorph(1001933568)
		aBlock: 	[self mouseFocus: nil]
		w: 	a WorldMorph(757016832) [world]
		transformedEvent: 	[(747@34) mouseUp 155038 nil]
	Receiver's instance variables: 
		bounds: 	(747@34) corner: (763@50)
		owner: 	a WorldMorph(757016832) [world]
		submorphs: 	#()
		fullBounds: 	(747@34) corner: (763@50)
		color: 	Color blue
		extension: 	nil
		mouseFocus: 	nil
		keyboardFocus: 	a Morph(264137984)
		eventListeners: 	nil
		mouseListeners: 	nil
		mouseClickState: 	nil
		mouseOverHandler: 	a MouseOverHandler
		lastMouseEvent: 	[(747@34) mouseUp 155038 nil]
		targetOffset: 	(15.0@25.0)
		damageRecorder: 	a DamageRecorder
		cacheCanvas: 	nil
		cachedCanvasHasHoles: 	false
		temporaryCursor: 	nil
		temporaryCursorOffset: 	nil
		hardwareCursor: 	nil
		hasChanged: 	true
		savedPatch: 	nil
		lastEventBuffer: 	#(1 0 0 0 0 0 nil nil)
		captureBlock: 	nil
		recentModifiers: 	0
		pendingEventQueue: 	WaitfreeQueue with 0 items
		supressNextKeyPress: 	false


HandMorph>>sendEvent:focus:clear:
	Receiver: a HandMorph(187254272)
	Arguments and temporary variables: 
		anEvent: 	[(747@34) mouseUp 155038 nil]
		focusHolder: 	a SpToolbarButtonMorph(1001933568)
		aBlock: 	[self mouseFocus: nil]
		result: 	nil
	Receiver's instance variables: 
		bounds: 	(747@34) corner: (763@50)
		owner: 	a WorldMorph(757016832) [world]
		submorphs: 	#()
		fullBounds: 	(747@34) corner: (763@50)
		color: 	Color blue
		extension: 	nil
		mouseFocus: 	nil
		keyboardFocus: 	a Morph(264137984)
		eventListeners: 	nil
		mouseListeners: 	nil
		mouseClickState: 	nil
		mouseOverHandler: 	a MouseOverHandler
		lastMouseEvent: 	[(747@34) mouseUp 155038 nil]
		targetOffset: 	(15.0@25.0)
		damageRecorder: 	a DamageRecorder
		cacheCanvas: 	nil
		cachedCanvasHasHoles: 	false
		temporaryCursor: 	nil
		temporaryCursorOffset: 	nil
		hardwareCursor: 	nil
		hasChanged: 	true
		savedPatch: 	nil
		lastEventBuffer: 	#(1 0 0 0 0 0 nil nil)
		captureBlock: 	nil
		recentModifiers: 	0
		pendingEventQueue: 	WaitfreeQueue with 0 items
		supressNextKeyPress: 	false


HandMorph>>sendMouseEvent:
	Receiver: a HandMorph(187254272)
	Arguments and temporary variables: 
		anEvent: 	[(747@34) mouseUp 155038 nil]
	Receiver's instance variables: 
		bounds: 	(747@34) corner: (763@50)
		owner: 	a WorldMorph(757016832) [world]
		submorphs: 	#()
		fullBounds: 	(747@34) corner: (763@50)
		color: 	Color blue
		extension: 	nil
		mouseFocus: 	nil
		keyboardFocus: 	a Morph(264137984)
		eventListeners: 	nil
		mouseListeners: 	nil
		mouseClickState: 	nil
		mouseOverHandler: 	a MouseOverHandler
		lastMouseEvent: 	[(747@34) mouseUp 155038 nil]
		targetOffset: 	(15.0@25.0)
		damageRecorder: 	a DamageRecorder
		cacheCanvas: 	nil
		cachedCanvasHasHoles: 	false
		temporaryCursor: 	nil
		temporaryCursorOffset: 	nil
		hardwareCursor: 	nil
		hasChanged: 	true
		savedPatch: 	nil
		lastEventBuffer: 	#(1 0 0 0 0 0 nil nil)
		captureBlock: 	nil
		recentModifiers: 	0
		pendingEventQueue: 	WaitfreeQueue with 0 items
		supressNextKeyPress: 	false


HandMorph>>handleEvent:
	Receiver: a HandMorph(187254272)
	Arguments and temporary variables: 
		anEvent: 	[(747@34) mouseUp 155038 nil]
		evt: 	[(747@34) mouseUp 155038 nil]
	Receiver's instance variables: 
		bounds: 	(747@34) corner: (763@50)
		owner: 	a WorldMorph(757016832) [world]
		submorphs: 	#()
		fullBounds: 	(747@34) corner: (763@50)
		color: 	Color blue
		extension: 	nil
		mouseFocus: 	nil
		keyboardFocus: 	a Morph(264137984)
		eventListeners: 	nil
		mouseListeners: 	nil
		mouseClickState: 	nil
		mouseOverHandler: 	a MouseOverHandler
		lastMouseEvent: 	[(747@34) mouseUp 155038 nil]
		targetOffset: 	(15.0@25.0)
		damageRecorder: 	a DamageRecorder
		cacheCanvas: 	nil
		cachedCanvasHasHoles: 	false
		temporaryCursor: 	nil
		temporaryCursorOffset: 	nil
		hardwareCursor: 	nil
		hasChanged: 	true
		savedPatch: 	nil
		lastEventBuffer: 	#(1 0 0 0 0 0 nil nil)
		captureBlock: 	nil
		recentModifiers: 	0
		pendingEventQueue: 	WaitfreeQueue with 0 items
		supressNextKeyPress: 	false


[
		(morphicWorld activeHand isNotNil and: [ anEvent hand isNotNil ]) ifTrue: [
			morphicWorld activeHand handleEvent: anEvent
		]
	] in OSWindowMorphicEventHandler>>dispatchMorphicEvent:
	Receiver: an OSWindowMorphicEventHandler
	Arguments and temporary variables: 
		anEvent: 	[(747@34) mouseUp 155038 nil]
	Receiver's instance variables: 
		morphicWorld: 	a WorldMorph(757016832) [world]


WorldState>>runStepMethodsIn:
	Receiver: a WorldState
	Arguments and temporary variables: 
		aWorld: 	a WorldMorph(757016832) [world]
		queue: 	WaitfreeQueue with 0 items
		nextInQueue: 	[
		(morphicWorld activeHand isNotNil and: [ anEvent hand isNotNil...etc...
	Receiver's instance variables: 
		hands: 	an Array(a HandMorph(187254272))
		damageRecorder: 	a DamageRecorder
		stepList: 	a Heap()
		lastStepTime: 	0
		lastStepMessage: 	nil
		alarms: 	a Heap()
		lastAlarmTime: 	168293
		activeHand: 	a HandMorph(187254272)
		currentCursor: 	((CursorWithMask
	extent: (16@16)
	depth: 1
	fromArray: #(
		2r0...etc...
		worldRenderer: 	an OSWorldRenderer
		realWindowExtent: 	(1854@1011)



--- The full stack ---
PhLProcessWrapper(Object)>>error:
PhLProcessWrapper>>runAndWait
PhLVirtualMachineManager class>>systemUnzip:to:
PhLVirtualMachineManager class>>unzip:to:
PhLVirtualMachineManager class>>fetch:to:
PhLVirtualMachine>>updateFromUrl
PhLVirtualMachine>>isValidAfterUpdate
PhLLaunchConfiguration>>launchProcess
[ | processWrapper|
		processWrapper := (aPhLLaunchConfiguration launchProcess) runUnwatch.
		self doNotRunInitializationScript. "Just run, image already initialized"
		^ processWrapper ] in [ [ | processWrapper|
		processWrapper := (aPhLLaunchConfiguration launchProcess) runUnwatch.
		self doNotRunInitializationScript. "Just run, image already initialized"
		^ processWrapper ]
	on: PhLImageVersionDeterminationError
	do: [ :error | error uiAlert ] ] in PhLImage>>launchWithConfiguration:
FullBlockClosure(BlockClosure)>>on:do:
[ [ | processWrapper|
		processWrapper := (aPhLLaunchConfiguration launchProcess) runUnwatch.
		self doNotRunInitializationScript. "Just run, image already initialized"
		^ processWrapper ]
	on: PhLImageVersionDeterminationError
	do: [ :error | error uiAlert ] ] in PhLImage>>launchWithConfiguration:
FullBlockClosure(BlockClosure)>>on:do:
PhLImage>>launchWithConfiguration:
[ 
		launchConfig := self launchConfigurationOfImage: aPhLImage.
		launchConfig useSettings: useSettings.
		process := aPhLImage launchWithConfiguration: launchConfig ] in PhLLaunchImageCommand>>launchImage:
FullBlockClosure(BlockClosure)>>on:do:
PhLLaunchImageCommand>>launchImage:
PhLLaunchImageCommand>>launchSelectedImage
PhLLaunchImageCommand>>execute
SpCommand(CmCommandDecorator)>>execute
[ specCommand execute ] in [ :specCommand | 
			aButtonClass new
				label: specCommand name;
				help: specCommand description;
				in: [ :button | 
					specCommand hasIcon
						ifTrue: [ button icon: specCommand icon ] ];
				action: [ specCommand execute ];
				yourself ] in SpCommand>>configureAsButtonOfClass:
FullBlockClosure(BlockClosure)>>cull:
SpMorphicToolbarButtonAdapter>>execute
SpToolbarButtonMorph(PluggableButtonMorph)>>performAction:
[:m |
		(m containsPoint: evt cursorPoint) ifTrue: [m enabled ifTrue: [ m performAction: evt ]]] in SpToolbarButtonMorph(PluggableButtonMorph)>>mouseUp:
Array(SequenceableCollection)>>do:
SpToolbarButtonMorph(PluggableButtonMorph)>>mouseUp:
SpToolbarButtonMorph(Morph)>>handleMouseUp:
MouseButtonEvent>>sentTo:
SpToolbarButtonMorph(Morph)>>handleEvent:
SpToolbarButtonMorph(Morph)>>handleFocusEvent:
[
		result := focusHolder handleFocusEvent: transformedEvent.
	] in HandMorph>>sendFocusEvent:to:clear:
FullBlockClosure(BlockClosure)>>on:do:
WorldMorph>>becomeActiveDuring:
HandMorph>>sendFocusEvent:to:clear:
HandMorph>>sendEvent:focus:clear:
HandMorph>>sendMouseEvent:
HandMorph>>handleEvent:
[
		(morphicWorld activeHand isNotNil and: [ anEvent hand isNotNil ]) ifTrue: [
			morphicWorld activeHand handleEvent: anEvent
		]
	] in OSWindowMorphicEventHandler>>dispatchMorphicEvent:
WorldState>>runStepMethodsIn:
 - - - - - - - - - - - - - - -  
			- - - - - - - - - - - - - - - - - -
WorldMorph>>runStepMethods
WorldState>>doOneCycleFor:
WorldMorph>>doOneCycleNow
WorldMorph>>doOneCycle
[ 
		| extraWorldsToDraw |
		extraWorldsToDraw := ExtraWorldListMutex critical: [ 
			                     self extraWorldList ].
		extraWorldsToDraw do: [ :world | world doOneCycle ].

		(self currentWorld isNotNil and: [ 
			 (extraWorldsToDraw includes: self currentWorld) not ]) ifTrue: [ 
			self currentWorld doOneCycle ] ] in WorldMorph class>>doOneCycle
FullBlockClosure(BlockClosure)>>ensure:
WorldState class>>doDrawCycleWith:
WorldMorph class>>doOneCycle
MorphicRenderLoop>>doOneCycle
MorphicRenderLoop>>doOneCycleWhile:
[
		MorphicRenderLoop new doOneCycleWhile: [ true ]
	] in MorphicUIManager>>spawnNewProcess
[self value.
			"IMPORTANT: Do not step over next line of code. See method comments for details"
			Processor terminateRealActive] in FullBlockClosure(BlockClosure)>>newProcess
-------------------------------------------------------------------------------

THERE_BE_DRAGONS_HERE
Error: command bash -c 'unzip -o -d "/home/tato/Pharo/vms/130-x64" "/home/tato/Pharo/vms/130-x64.zip"' failed
29 June 2024 11:26:36.22314 am

VM: unix - x86_64 - linux-gnu - CoInterpreter * VMMaker-tonel.1 uuid: ad0a8882-d297-0d00-90d3-62ff092bce84 Mar 30 2022
StackToRegisterMappingCogit * VMMaker-tonel.1 uuid: ad0a8882-d297-0d00-90d3-62ff092bce84 Mar 30 2022
v9.0.14 - Commit: 93600e1 - Date: 2022-03-30 16:40:05 +0200

Image: Pharo10.0.0 [Build information: Pharo-10.0.0+build.514.sha.06180671d95a16c446fe24e3fedb0916c1bcb31a (64 Bit)]

PhLProcessWrapper(Object)>>error:
	Receiver: a PhLProcessWrapper
	Arguments and temporary variables: 
		aString: 	'command bash -c ''unzip -o -d "/home/tato/Pharo/vms/130-x64" "/home/t...etc...
	Receiver's instance variables: 
		process: 	OSSUnixSubprocess(Command: /bin/bash; Pid: 5583; Status: normal termin...etc...
		arguments: 	an OrderedCollection('unzip' '-o' '-d' '"/home/tato/Pharo/vms/130-x6...etc...
		command: 	nil
		workingDirectory: 	nil
		isShellCommand: 	true
		useLoginShell: 	false


PhLProcessWrapper>>runAndWait
	Receiver: a PhLProcessWrapper
	Arguments and temporary variables: 
x
	Receiver's instance variables: 
		process: 	OSSUnixSubprocess(Command: /bin/bash; Pid: 5583; Status: normal termin...etc...
		arguments: 	an OrderedCollection('unzip' '-o' '-d' '"/home/tato/Pharo/vms/130-x6...etc...
		command: 	nil
		workingDirectory: 	nil
		isShellCommand: 	true
		useLoginShell: 	false


PhLVirtualMachineManager class>>systemUnzip:to:
	Receiver: PhLVirtualMachineManager
	Arguments and temporary variables: 
		aZipFileReference: 	{launcherUserFilesLocation}/vms/130-x64.zip
		outputDirectory: 	{launcherUserFilesLocation}//home/tato/Pharo/vms/130-x64
	Receiver's instance variables: 
		superclass: 	Object
		methodDict: 	a MethodDictionary(#availableVirtualMachines->PhLVirtualMachineMana...etc...
		format: 	65539
		layout: 	a FixedLayout
		organization: 	a ClassOrganization
		subclasses: 	{PhLTestVirtualMachineManager}
		name: 	#PhLVirtualMachineManager
		classPool: 	a Dictionary()
		sharedPools: 	an OrderedCollection()
		environment: 	a SystemDictionary(lots of globals)
		category: 	#'PharoLauncher-Core-Download'
		vmStore: 	{launcherUserFilesLocation}/vms


PhLVirtualMachineManager class>>unzip:to:
	Receiver: PhLVirtualMachineManager
	Arguments and temporary variables: 
		aZipFileReference: 	{launcherUserFilesLocation}/vms/130-x64.zip
		outputDirectory: 	{launcherUserFilesLocation}//home/tato/Pharo/vms/130-x64
	Receiver's instance variables: 
		superclass: 	Object
		methodDict: 	a MethodDictionary(#availableVirtualMachines->PhLVirtualMachineMana...etc...
		format: 	65539
		layout: 	a FixedLayout
		organization: 	a ClassOrganization
		subclasses: 	{PhLTestVirtualMachineManager}
		name: 	#PhLVirtualMachineManager
		classPool: 	a Dictionary()
		sharedPools: 	an OrderedCollection()
		environment: 	a SystemDictionary(lots of globals)
		category: 	#'PharoLauncher-Core-Download'
		vmStore: 	{launcherUserFilesLocation}/vms


PhLVirtualMachineManager class>>fetch:to:
	Receiver: PhLVirtualMachineManager
	Arguments and temporary variables: 
		aVmUrl: 	'https://files.pharo.org/get-files/130/pharo-vm-Linux-x86_64-stable.zip...etc...
		targetFile: 	{launcherUserFilesLocation}/vms/130-x64.zip
	Receiver's instance variables: 
		superclass: 	Object
		methodDict: 	a MethodDictionary(#availableVirtualMachines->PhLVirtualMachineMana...etc...
		format: 	65539
		layout: 	a FixedLayout
		organization: 	a ClassOrganization
		subclasses: 	{PhLTestVirtualMachineManager}
		name: 	#PhLVirtualMachineManager
		classPool: 	a Dictionary()
		sharedPools: 	an OrderedCollection()
		environment: 	a SystemDictionary(lots of globals)
		category: 	#'PharoLauncher-Core-Download'
		vmStore: 	{launcherUserFilesLocation}/vms


PhLVirtualMachine>>updateFromUrl
	Receiver: a PhLVirtualMachine(130-x64)
	Arguments and temporary variables: 
x
	Receiver's instance variables: 
		executableRef: 	nil
		vmBinaryRef: 	nil
		name: 	nil
		manager: 	a PhLVirtualMachineManager
		flavour: 	''
		id: 	'130-x64'
		blessing: 	'stable'
		arch: 	'64'


PhLVirtualMachine>>isValidAfterUpdate
	Receiver: a PhLVirtualMachine(130-x64)
	Arguments and temporary variables: 
x
	Receiver's instance variables: 
		executableRef: 	nil
		vmBinaryRef: 	nil
		name: 	nil
		manager: 	a PhLVirtualMachineManager
		flavour: 	''
		id: 	'130-x64'
		blessing: 	'stable'
		arch: 	'64'


PhLLaunchConfiguration>>launchProcess
	Receiver: PhLLaunchConfiguration(Default)
	Arguments and temporary variables: 
x
	Receiver's instance variables: 
		image: 	Image (Pharo 13.0 - 64bit (development version, latest))
		name: 	'Default'
		imageArguments: 	an OrderedCollection()
		usePharoSettings: 	true
		vm: 	a PhLVirtualMachine(130-x64)
		vmArguments: 	nil


[ | processWrapper|
		processWrapper := (aPhLLaunchConfiguration launchProcess) runUnwatch.
		self doNotRunInitializationScript. "Just run, image already initialized"
		^ processWrapper ] in [ [ | processWrapper|
		processWrapper := (aPhLLaunchConfiguration launchProcess) runUnwatch.
		self doNotRunInitializationScript. "Just run, image already initialized"
		^ processWrapper ]
	on: PhLImageVersionDeterminationError
	do: [ :error | error uiAlert ] ] in PhLImage>>launchWithConfiguration:
	Receiver: Image (Pharo 13.0 - 64bit (development version, latest))
	Arguments and temporary variables: 
		architectureWarningEnabled: 	true
		continue: 	true
		aPhLLaunchConfiguration: 	PhLLaunchConfiguration(Default)
		processWrapper: 	nil
	Receiver's instance variables: 
		file: 	{launcherUserFilesLocation}/images/Pharo 13.0 - 64bit (development versio...etc...
		description: 	nil
		formatNumber: 	68021
		architecture: 	'64'
		pharoVersion: 	'130'
		originTemplate: 	Image template (Pharo 13.0 - 64bit (development version, latest...etc...
		vmManager: 	a PhLVirtualMachineManager
		launchConfigurations: 	an OrderedCollection(PhLLaunchConfiguration(Default))
		initializationScript: 	nil
		shouldRunInitializationScript: 	true


FullBlockClosure(BlockClosure)>>on:do:
	Receiver: [ | processWrapper|
		processWrapper := (aPhLLaunchConfiguration launchProcess) runUnwatch...etc...
	Arguments and temporary variables: 
		exception: 	PhLImageVersionDeterminationError
		handlerAction: 	[ :error | error uiAlert ]
	Receiver's instance variables: 
		outerContext: 	[ [ | processWrapper|
		processWrapper := (aPhLLaunchConfiguratio...etc...
		startpc: 	a CompiledBlock: [ | processWrapper|
		processWrapper := (aPhLLaunchCo...etc...
		numArgs: 	0
		receiver: 	Image (Pharo 13.0 - 64bit (development version, latest))


[ [ | processWrapper|
		processWrapper := (aPhLLaunchConfiguration launchProcess) runUnwatch.
		self doNotRunInitializationScript. "Just run, image already initialized"
		^ processWrapper ]
	on: PhLImageVersionDeterminationError
	do: [ :error | error uiAlert ] ] in PhLImage>>launchWithConfiguration:
	Receiver: Image (Pharo 13.0 - 64bit (development version, latest))
	Arguments and temporary variables: 
		architectureWarningEnabled: 	true
		continue: 	true
		aPhLLaunchConfiguration: 	PhLLaunchConfiguration(Default)
	Receiver's instance variables: 
		file: 	{launcherUserFilesLocation}/images/Pharo 13.0 - 64bit (development versio...etc...
		description: 	nil
		formatNumber: 	68021
		architecture: 	'64'
		pharoVersion: 	'130'
		originTemplate: 	Image template (Pharo 13.0 - 64bit (development version, latest...etc...
		vmManager: 	a PhLVirtualMachineManager
		launchConfigurations: 	an OrderedCollection(PhLLaunchConfiguration(Default))
		initializationScript: 	nil
		shouldRunInitializationScript: 	true


FullBlockClosure(BlockClosure)>>on:do:
	Receiver: [ [ | processWrapper|
		processWrapper := (aPhLLaunchConfiguration launchProcess) runUnwat...etc...
	Arguments and temporary variables: 
		exception: 	PhLArchitectureMismatchWarning
		handlerAction: 	[ :warning |
		architectureWarningEnabled ifTrue: [ 	
			archite...etc...
	Receiver's instance variables: 
		outerContext: 	PhLImage>>launchWithConfiguration:
		startpc: 	a CompiledBlock: [ [ | processWrapper|
		processWrapper := (aPhLLaunch...etc...
		numArgs: 	0
		receiver: 	Image (Pharo 13.0 - 64bit (development version, latest))


PhLImage>>launchWithConfiguration:
	Receiver: Image (Pharo 13.0 - 64bit (development version, latest))
	Arguments and temporary variables: 
		architectureWarningEnabled: 	true
		continue: 	true
		aPhLLaunchConfiguration: 	PhLLaunchConfiguration(Default)
	Receiver's instance variables: 
		file: 	{launcherUserFilesLocation}/images/Pharo 13.0 - 64bit (development versio...etc...
		description: 	nil
		formatNumber: 	68021
		architecture: 	'64'
		pharoVersion: 	'130'
		originTemplate: 	Image template (Pharo 13.0 - 64bit (development version, latest...etc...
		vmManager: 	a PhLVirtualMachineManager
		launchConfigurations: 	an OrderedCollection(PhLLaunchConfiguration(Default))
		initializationScript: 	nil
		shouldRunInitializationScript: 	true


[ 
		launchConfig := self launchConfigurationOfImage: aPhLImage.
		launchConfig useSettings: useSettings.
		process := aPhLImage launchWithConfiguration: launchConfig ] in PhLLaunchImageCommand>>launchImage:
	Receiver: a PhLLaunchImageCommand
	Arguments and temporary variables: 
		aPhLImage: 	Image (Pharo 13.0 - 64bit (development version, latest))
		process: 	nil
		launchConfig: 	PhLLaunchConfiguration(Default)
	Receiver's instance variables: 
		context: 	a PhLImagesPresenter
		basicName: 	'Launch'
		basicDescription: 	'Launch the selected image with the appropriate virtual machi...etc...
		useSettings: 	true


FullBlockClosure(BlockClosure)>>on:do:
	Receiver: [ 
		launchConfig := self launchConfigurationOfImage: aPhLImage.
		launchConfig useSetting...etc...
	Arguments and temporary variables: 
		exception: 	PhLError
		handlerAction: 	[ :error | error uiAlert. ^ process ]
	Receiver's instance variables: 
		outerContext: 	PhLLaunchImageCommand>>launchImage:
		startpc: 	a CompiledBlock: [ 
		launchConfig := self launchConfigurationOfImage:...etc...
		numArgs: 	0
		receiver: 	a PhLLaunchImageCommand


PhLLaunchImageCommand>>launchImage:
	Receiver: a PhLLaunchImageCommand
	Arguments and temporary variables: 
		process: 	nil
		launchConfig: 	PhLLaunchConfiguration(Default)
		aPhLImage: 	Image (Pharo 13.0 - 64bit (development version, latest))
	Receiver's instance variables: 
		context: 	a PhLImagesPresenter
		basicName: 	'Launch'
		basicDescription: 	'Launch the selected image with the appropriate virtual machi...etc...
		useSettings: 	true


PhLLaunchImageCommand>>launchSelectedImage
	Receiver: a PhLLaunchImageCommand
	Arguments and temporary variables: 
x
	Receiver's instance variables: 
		context: 	a PhLImagesPresenter
		basicName: 	'Launch'
		basicDescription: 	'Launch the selected image with the appropriate virtual machi...etc...
		useSettings: 	true


PhLLaunchImageCommand>>execute
	Receiver: a PhLLaunchImageCommand
	Arguments and temporary variables: 
x
	Receiver's instance variables: 
		context: 	a PhLImagesPresenter
		basicName: 	'Launch'
		basicDescription: 	'Launch the selected image with the appropriate virtual machi...etc...
		useSettings: 	true


SpCommand(CmCommandDecorator)>>execute
	Receiver: a SpCommand(Launch)
	Arguments and temporary variables: 
x
	Receiver's instance variables: 
		decoratedCommand: 	a PhLLaunchImageCommand
		iconProvider: 	a ThemeIcons(idea11)
		iconName: 	#smallDoItIcon
		shortcutKey: 	Meta + L
		displayStrategy: 	a CmUIDisableWhenCantBeRun
		positionStrategy: 	a CmUILeftPositionStrategy
		buildPresenterBlock: 	[ :specCommand | 
			aButtonClass new
				label: specComma...etc...
		presenter: 	a SpToolbarButtonPresenter


[ specCommand execute ] in [ :specCommand | 
			aButtonClass new
				label: specCommand name;
				help: specCommand description;
				in: [ :button | 
					specCommand hasIcon
						ifTrue: [ button icon: specCommand icon ] ];
				action: [ specCommand execute ];
				yourself ] in SpCommand>>configureAsButtonOfClass:
	Receiver: a SpCommand(Launch)
	Arguments and temporary variables: 
		aButtonClass: 	nil
		specCommand: 	a SpCommand(Launch)
	Receiver's instance variables: 
		decoratedCommand: 	a PhLLaunchImageCommand
		iconProvider: 	a ThemeIcons(idea11)
		iconName: 	#smallDoItIcon
		shortcutKey: 	Meta + L
		displayStrategy: 	a CmUIDisableWhenCantBeRun
		positionStrategy: 	a CmUILeftPositionStrategy
		buildPresenterBlock: 	[ :specCommand | 
			aButtonClass new
				label: specComma...etc...
		presenter: 	a SpToolbarButtonPresenter


FullBlockClosure(BlockClosure)>>cull:
	Receiver: [ specCommand execute ]
	Arguments and temporary variables: 
		anArg: 	a SpToolbarButtonPresenter
	Receiver's instance variables: 
		outerContext: 	[ :specCommand | 
			aButtonClass new
				label: specCommand name...etc...
		startpc: 	a CompiledBlock: [ specCommand execute ]
		numArgs: 	0
		receiver: 	a SpCommand(Launch)


SpMorphicToolbarButtonAdapter>>execute
	Receiver: a SpMorphicToolbarButtonAdapter
	Arguments and temporary variables: 
x
	Receiver's instance variables: 
		dependents: 	a DependentsArray(a SpToolbarButtonMorph(1001933568))
		announcer: 	nil
		model: 	a SpToolbarButtonPresenter
		widget: 	a SpToolbarButtonMorph(1001933568)
		selector: 	nil
		owner: 	a SpToolbarButtonPresenter
		unsubscribed: 	false


SpToolbarButtonMorph(PluggableButtonMorph)>>performAction:
	Receiver: a SpToolbarButtonMorph(1001933568)
	Arguments and temporary variables: 
		event: 	[(747@34) mouseUp 155038 nil]
	Receiver's instance variables: 
		bounds: 	(732.0@9.0) corner: (777.0@43.0)
		owner: 	a Morph(278443008)
		submorphs: 	an Array(an AlignmentMorph(469332224))
		fullBounds: 	(732@9) corner: (777@43)
		color: 	(Color r: 0.9012707722385142 g: 0.9012707722385142 b: 0.9012707722385142...etc...
		extension: 	a MorphExtension (573581056) [balloonText]  [other:  (presenter -> a...etc...
		borderWidth: 	0
		borderColor: 	#simple
		model: 	a SpMorphicToolbarButtonAdapter
		label: 	'Launch'
		icon: 	Form(13x13x32)
		getIconSelector: 	#icon
		getStateSelector: 	#state
		actionSelector: 	#execute
		font: 	a LogicalFont
 familyName: 'Source Sans Pro'
 emphasis: nil
 pointSize: 7...etc...
		getLabelSelector: 	#label
		getMenuSelector: 	nil
		shortcutCharacter: 	nil
		askBeforeChanging: 	false
		triggerOnMouseDown: 	false
		offColor: 	nil
		onColor: 	nil
		feedbackColor: 	nil
		showSelectionFeedback: 	false
		allButtons: 	nil
		arguments: 	#()
		argumentsProvider: 	nil
		argumentsSelector: 	nil
		enabled: 	true
		actionBlock: 	nil
		getColorSelector: 	nil
		getEnabledSelector: 	nil
		getFontSelector: 	nil
		labelMorph: 	a LabelMorph(257857536)'Launch'
		iconMorph: 	an ImageMorph(124056832)
		iconPosition: 	#top
		lastState: 	false
		badgeFont: 	nil
		badgeSelector: 	#badge


[:m |
		(m containsPoint: evt cursorPoint) ifTrue: [m enabled ifTrue: [ m performAction: evt ]]] in SpToolbarButtonMorph(PluggableButtonMorph)>>mouseUp:
	Receiver: a SpToolbarButtonMorph(1001933568)
	Arguments and temporary variables: 
		evt: 	[(747@34) mouseUp 155038 nil]
		all: 	an Array(a SpToolbarButtonMorph(1001933568) a SpToolbarButtonMorph(8911016...etc...
		m: 	a SpToolbarButtonMorph(1001933568)
	Receiver's instance variables: 
		bounds: 	(732.0@9.0) corner: (777.0@43.0)
		owner: 	a Morph(278443008)
		submorphs: 	an Array(an AlignmentMorph(469332224))
		fullBounds: 	(732@9) corner: (777@43)
		color: 	(Color r: 0.9012707722385142 g: 0.9012707722385142 b: 0.9012707722385142...etc...
		extension: 	a MorphExtension (573581056) [balloonText]  [other:  (presenter -> a...etc...
		borderWidth: 	0
		borderColor: 	#simple
		model: 	a SpMorphicToolbarButtonAdapter
		label: 	'Launch'
		icon: 	Form(13x13x32)
		getIconSelector: 	#icon
		getStateSelector: 	#state
		actionSelector: 	#execute
		font: 	a LogicalFont
 familyName: 'Source Sans Pro'
 emphasis: nil
 pointSize: 7...etc...
		getLabelSelector: 	#label
		getMenuSelector: 	nil
		shortcutCharacter: 	nil
		askBeforeChanging: 	false
		triggerOnMouseDown: 	false
		offColor: 	nil
		onColor: 	nil
		feedbackColor: 	nil
		showSelectionFeedback: 	false
		allButtons: 	nil
		arguments: 	#()
		argumentsProvider: 	nil
		argumentsSelector: 	nil
		enabled: 	true
		actionBlock: 	nil
		getColorSelector: 	nil
		getEnabledSelector: 	nil
		getFontSelector: 	nil
		labelMorph: 	a LabelMorph(257857536)'Launch'
		iconMorph: 	an ImageMorph(124056832)
		iconPosition: 	#top
		lastState: 	false
		badgeFont: 	nil
		badgeSelector: 	#badge


Array(SequenceableCollection)>>do:
	Receiver: an Array(a SpToolbarButtonMorph(1001933568) a SpToolbarButtonMorph(891101696) a SpToolbarB...etc...
	Arguments and temporary variables: 
		aBlock: 	[:m |
		(m containsPoint: evt cursorPoint) ifTrue: [m enabled ifTrue: [...etc...
		index: 	1
	Receiver's instance variables: 
an Array(a SpToolbarButtonMorph(1001933568) a SpToolbarButtonMorph(891101696) a SpToolbarB...etc...

SpToolbarButtonMorph(PluggableButtonMorph)>>mouseUp:
	Receiver: a SpToolbarButtonMorph(1001933568)
	Arguments and temporary variables: 
		evt: 	[(747@34) mouseUp 155038 nil]
		all: 	an Array(a SpToolbarButtonMorph(1001933568) a SpToolbarButtonMorph(8911016...etc...
	Receiver's instance variables: 
		bounds: 	(732.0@9.0) corner: (777.0@43.0)
		owner: 	a Morph(278443008)
		submorphs: 	an Array(an AlignmentMorph(469332224))
		fullBounds: 	(732@9) corner: (777@43)
		color: 	(Color r: 0.9012707722385142 g: 0.9012707722385142 b: 0.9012707722385142...etc...
		extension: 	a MorphExtension (573581056) [balloonText]  [other:  (presenter -> a...etc...
		borderWidth: 	0
		borderColor: 	#simple
		model: 	a SpMorphicToolbarButtonAdapter
		label: 	'Launch'
		icon: 	Form(13x13x32)
		getIconSelector: 	#icon
		getStateSelector: 	#state
		actionSelector: 	#execute
		font: 	a LogicalFont
 familyName: 'Source Sans Pro'
 emphasis: nil
 pointSize: 7...etc...
		getLabelSelector: 	#label
		getMenuSelector: 	nil
		shortcutCharacter: 	nil
		askBeforeChanging: 	false
		triggerOnMouseDown: 	false
		offColor: 	nil
		onColor: 	nil
		feedbackColor: 	nil
		showSelectionFeedback: 	false
		allButtons: 	nil
		arguments: 	#()
		argumentsProvider: 	nil
		argumentsSelector: 	nil
		enabled: 	true
		actionBlock: 	nil
		getColorSelector: 	nil
		getEnabledSelector: 	nil
		getFontSelector: 	nil
		labelMorph: 	a LabelMorph(257857536)'Launch'
		iconMorph: 	an ImageMorph(124056832)
		iconPosition: 	#top
		lastState: 	false
		badgeFont: 	nil
		badgeSelector: 	#badge


SpToolbarButtonMorph(Morph)>>handleMouseUp:
	Receiver: a SpToolbarButtonMorph(1001933568)
	Arguments and temporary variables: 
		anEvent: 	[(747@34) mouseUp 155038 nil]
		result: 	nil
	Receiver's instance variables: 
		bounds: 	(732.0@9.0) corner: (777.0@43.0)
		owner: 	a Morph(278443008)
		submorphs: 	an Array(an AlignmentMorph(469332224))
		fullBounds: 	(732@9) corner: (777@43)
		color: 	(Color r: 0.9012707722385142 g: 0.9012707722385142 b: 0.9012707722385142...etc...
		extension: 	a MorphExtension (573581056) [balloonText]  [other:  (presenter -> a...etc...
		borderWidth: 	0
		borderColor: 	#simple
		model: 	a SpMorphicToolbarButtonAdapter
		label: 	'Launch'
		icon: 	Form(13x13x32)
		getIconSelector: 	#icon
		getStateSelector: 	#state
		actionSelector: 	#execute
		font: 	a LogicalFont
 familyName: 'Source Sans Pro'
 emphasis: nil
 pointSize: 7...etc...
		getLabelSelector: 	#label
		getMenuSelector: 	nil
		shortcutCharacter: 	nil
		askBeforeChanging: 	false
		triggerOnMouseDown: 	false
		offColor: 	nil
		onColor: 	nil
		feedbackColor: 	nil
		showSelectionFeedback: 	false
		allButtons: 	nil
		arguments: 	#()
		argumentsProvider: 	nil
		argumentsSelector: 	nil
		enabled: 	true
		actionBlock: 	nil
		getColorSelector: 	nil
		getEnabledSelector: 	nil
		getFontSelector: 	nil
		labelMorph: 	a LabelMorph(257857536)'Launch'
		iconMorph: 	an ImageMorph(124056832)
		iconPosition: 	#top
		lastState: 	false
		badgeFont: 	nil
		badgeSelector: 	#badge


MouseButtonEvent>>sentTo:
	Receiver: [(747@34) mouseUp 155038 nil]
	Arguments and temporary variables: 
		anObject: 	a SpToolbarButtonMorph(1001933568)
	Receiver's instance variables: 
		timeStamp: 	155038
		source: 	a HandMorph(187254272)
		windowIndex: 	nil
		type: 	#mouseUp
		buttons: 	0
		position: 	(747@34)
		handler: 	nil
		wasHandled: 	true
		whichButton: 	4


SpToolbarButtonMorph(Morph)>>handleEvent:
	Receiver: a SpToolbarButtonMorph(1001933568)
	Arguments and temporary variables: 
		anEvent: 	[(747@34) mouseUp 155038 nil]
	Receiver's instance variables: 
		bounds: 	(732.0@9.0) corner: (777.0@43.0)
		owner: 	a Morph(278443008)
		submorphs: 	an Array(an AlignmentMorph(469332224))
		fullBounds: 	(732@9) corner: (777@43)
		color: 	(Color r: 0.9012707722385142 g: 0.9012707722385142 b: 0.9012707722385142...etc...
		extension: 	a MorphExtension (573581056) [balloonText]  [other:  (presenter -> a...etc...
		borderWidth: 	0
		borderColor: 	#simple
		model: 	a SpMorphicToolbarButtonAdapter
		label: 	'Launch'
		icon: 	Form(13x13x32)
		getIconSelector: 	#icon
		getStateSelector: 	#state
		actionSelector: 	#execute
		font: 	a LogicalFont
 familyName: 'Source Sans Pro'
 emphasis: nil
 pointSize: 7...etc...
		getLabelSelector: 	#label
		getMenuSelector: 	nil
		shortcutCharacter: 	nil
		askBeforeChanging: 	false
		triggerOnMouseDown: 	false
		offColor: 	nil
		onColor: 	nil
		feedbackColor: 	nil
		showSelectionFeedback: 	false
		allButtons: 	nil
		arguments: 	#()
		argumentsProvider: 	nil
		argumentsSelector: 	nil
		enabled: 	true
		actionBlock: 	nil
		getColorSelector: 	nil
		getEnabledSelector: 	nil
		getFontSelector: 	nil
		labelMorph: 	a LabelMorph(257857536)'Launch'
		iconMorph: 	an ImageMorph(124056832)
		iconPosition: 	#top
		lastState: 	false
		badgeFont: 	nil
		badgeSelector: 	#badge


SpToolbarButtonMorph(Morph)>>handleFocusEvent:
	Receiver: a SpToolbarButtonMorph(1001933568)
	Arguments and temporary variables: 
		anEvent: 	[(747@34) mouseUp 155038 nil]
	Receiver's instance variables: 
		bounds: 	(732.0@9.0) corner: (777.0@43.0)
		owner: 	a Morph(278443008)
		submorphs: 	an Array(an AlignmentMorph(469332224))
		fullBounds: 	(732@9) corner: (777@43)
		color: 	(Color r: 0.9012707722385142 g: 0.9012707722385142 b: 0.9012707722385142...etc...
		extension: 	a MorphExtension (573581056) [balloonText]  [other:  (presenter -> a...etc...
		borderWidth: 	0
		borderColor: 	#simple
		model: 	a SpMorphicToolbarButtonAdapter
		label: 	'Launch'
		icon: 	Form(13x13x32)
		getIconSelector: 	#icon
		getStateSelector: 	#state
		actionSelector: 	#execute
		font: 	a LogicalFont
 familyName: 'Source Sans Pro'
 emphasis: nil
 pointSize: 7...etc...
		getLabelSelector: 	#label
		getMenuSelector: 	nil
		shortcutCharacter: 	nil
		askBeforeChanging: 	false
		triggerOnMouseDown: 	false
		offColor: 	nil
		onColor: 	nil
		feedbackColor: 	nil
		showSelectionFeedback: 	false
		allButtons: 	nil
		arguments: 	#()
		argumentsProvider: 	nil
		argumentsSelector: 	nil
		enabled: 	true
		actionBlock: 	nil
		getColorSelector: 	nil
		getEnabledSelector: 	nil
		getFontSelector: 	nil
		labelMorph: 	a LabelMorph(257857536)'Launch'
		iconMorph: 	an ImageMorph(124056832)
		iconPosition: 	#top
		lastState: 	false
		badgeFont: 	nil
		badgeSelector: 	#badge


[
		result := focusHolder handleFocusEvent: transformedEvent.
	] in HandMorph>>sendFocusEvent:to:clear:
	Receiver: a HandMorph(187254272)
	Arguments and temporary variables: 
		anEvent: 	[(747@34) mouseUp 155038 nil]
		focusHolder: 	a SpToolbarButtonMorph(1001933568)
		aBlock: 	[self mouseFocus: nil]
		w: 	a WorldMorph(757016832) [world]
		transformedEvent: 	[(747@34) mouseUp 155038 nil]
		result: 	nil
	Receiver's instance variables: 
		bounds: 	(747@34) corner: (763@50)
		owner: 	a WorldMorph(757016832) [world]
		submorphs: 	#()
		fullBounds: 	(747@34) corner: (763@50)
		color: 	Color blue
		extension: 	nil
		mouseFocus: 	nil
		keyboardFocus: 	a Morph(264137984)
		eventListeners: 	nil
		mouseListeners: 	nil
		mouseClickState: 	nil
		mouseOverHandler: 	a MouseOverHandler
		lastMouseEvent: 	[(747@34) mouseUp 155038 nil]
		targetOffset: 	(15.0@25.0)
		damageRecorder: 	a DamageRecorder
		cacheCanvas: 	nil
		cachedCanvasHasHoles: 	false
		temporaryCursor: 	nil
		temporaryCursorOffset: 	nil
		hardwareCursor: 	nil
		hasChanged: 	true
		savedPatch: 	nil
		lastEventBuffer: 	#(1 0 0 0 0 0 nil nil)
		captureBlock: 	nil
		recentModifiers: 	0
		pendingEventQueue: 	WaitfreeQueue with 0 items
		supressNextKeyPress: 	false


FullBlockClosure(BlockClosure)>>on:do:
	Receiver: [
		result := focusHolder handleFocusEvent: transformedEvent.
	]
	Arguments and temporary variables: 
		exception: 	Error
		handlerAction: 	[ :ex | 
			ActiveWorld := priorWorld.
			ex pass ]
	Receiver's instance variables: 
		outerContext: 	HandMorph>>sendFocusEvent:to:clear:
		startpc: 	a CompiledBlock: [
		result := focusHolder handleFocusEvent: transform...etc...
		numArgs: 	0
		receiver: 	a HandMorph(187254272)


WorldMorph>>becomeActiveDuring:
	Receiver: a WorldMorph(757016832) [world]
	Arguments and temporary variables: 
		aBlock: 	[
		result := focusHolder handleFocusEvent: transformedEvent.
	]
		priorWorld: 	a WorldMorph(757016832) [world]
	Receiver's instance variables: 
		bounds: 	(0@0) corner: (1854@1011)
		owner: 	nil
		submorphs: 	an Array(a Morph(108771840))
		fullBounds: 	nil
		color: 	Color white
		extension: 	a MorphExtension (366966272) [other:  (dragEnabled -> true) (dropEna...etc...
		borderWidth: 	4
		borderColor: 	Color white
		backgroundMorph: 	nil
		worldState: 	a WorldState
		griddingOn: 	nil


HandMorph>>sendFocusEvent:to:clear:
	Receiver: a HandMorph(187254272)
	Arguments and temporary variables: 
		result: 	nil
		anEvent: 	[(747@34) mouseUp 155038 nil]
		focusHolder: 	a SpToolbarButtonMorph(1001933568)
		aBlock: 	[self mouseFocus: nil]
		w: 	a WorldMorph(757016832) [world]
		transformedEvent: 	[(747@34) mouseUp 155038 nil]
	Receiver's instance variables: 
		bounds: 	(747@34) corner: (763@50)
		owner: 	a WorldMorph(757016832) [world]
		submorphs: 	#()
		fullBounds: 	(747@34) corner: (763@50)
		color: 	Color blue
		extension: 	nil
		mouseFocus: 	nil
		keyboardFocus: 	a Morph(264137984)
		eventListeners: 	nil
		mouseListeners: 	nil
		mouseClickState: 	nil
		mouseOverHandler: 	a MouseOverHandler
		lastMouseEvent: 	[(747@34) mouseUp 155038 nil]
		targetOffset: 	(15.0@25.0)
		damageRecorder: 	a DamageRecorder
		cacheCanvas: 	nil
		cachedCanvasHasHoles: 	false
		temporaryCursor: 	nil
		temporaryCursorOffset: 	nil
		hardwareCursor: 	nil
		hasChanged: 	true
		savedPatch: 	nil
		lastEventBuffer: 	#(1 0 0 0 0 0 nil nil)
		captureBlock: 	nil
		recentModifiers: 	0
		pendingEventQueue: 	WaitfreeQueue with 0 items
		supressNextKeyPress: 	false


HandMorph>>sendEvent:focus:clear:
	Receiver: a HandMorph(187254272)
	Arguments and temporary variables: 
		anEvent: 	[(747@34) mouseUp 155038 nil]
		focusHolder: 	a SpToolbarButtonMorph(1001933568)
		aBlock: 	[self mouseFocus: nil]
		result: 	nil
	Receiver's instance variables: 
		bounds: 	(747@34) corner: (763@50)
		owner: 	a WorldMorph(757016832) [world]
		submorphs: 	#()
		fullBounds: 	(747@34) corner: (763@50)
		color: 	Color blue
		extension: 	nil
		mouseFocus: 	nil
		keyboardFocus: 	a Morph(264137984)
		eventListeners: 	nil
		mouseListeners: 	nil
		mouseClickState: 	nil
		mouseOverHandler: 	a MouseOverHandler
		lastMouseEvent: 	[(747@34) mouseUp 155038 nil]
		targetOffset: 	(15.0@25.0)
		damageRecorder: 	a DamageRecorder
		cacheCanvas: 	nil
		cachedCanvasHasHoles: 	false
		temporaryCursor: 	nil
		temporaryCursorOffset: 	nil
		hardwareCursor: 	nil
		hasChanged: 	true
		savedPatch: 	nil
		lastEventBuffer: 	#(1 0 0 0 0 0 nil nil)
		captureBlock: 	nil
		recentModifiers: 	0
		pendingEventQueue: 	WaitfreeQueue with 0 items
		supressNextKeyPress: 	false


HandMorph>>sendMouseEvent:
	Receiver: a HandMorph(187254272)
	Arguments and temporary variables: 
		anEvent: 	[(747@34) mouseUp 155038 nil]
	Receiver's instance variables: 
		bounds: 	(747@34) corner: (763@50)
		owner: 	a WorldMorph(757016832) [world]
		submorphs: 	#()
		fullBounds: 	(747@34) corner: (763@50)
		color: 	Color blue
		extension: 	nil
		mouseFocus: 	nil
		keyboardFocus: 	a Morph(264137984)
		eventListeners: 	nil
		mouseListeners: 	nil
		mouseClickState: 	nil
		mouseOverHandler: 	a MouseOverHandler
		lastMouseEvent: 	[(747@34) mouseUp 155038 nil]
		targetOffset: 	(15.0@25.0)
		damageRecorder: 	a DamageRecorder
		cacheCanvas: 	nil
		cachedCanvasHasHoles: 	false
		temporaryCursor: 	nil
		temporaryCursorOffset: 	nil
		hardwareCursor: 	nil
		hasChanged: 	true
		savedPatch: 	nil
		lastEventBuffer: 	#(1 0 0 0 0 0 nil nil)
		captureBlock: 	nil
		recentModifiers: 	0
		pendingEventQueue: 	WaitfreeQueue with 0 items
		supressNextKeyPress: 	false


HandMorph>>handleEvent:
	Receiver: a HandMorph(187254272)
	Arguments and temporary variables: 
		anEvent: 	[(747@34) mouseUp 155038 nil]
		evt: 	[(747@34) mouseUp 155038 nil]
	Receiver's instance variables: 
		bounds: 	(747@34) corner: (763@50)
		owner: 	a WorldMorph(757016832) [world]
		submorphs: 	#()
		fullBounds: 	(747@34) corner: (763@50)
		color: 	Color blue
		extension: 	nil
		mouseFocus: 	nil
		keyboardFocus: 	a Morph(264137984)
		eventListeners: 	nil
		mouseListeners: 	nil
		mouseClickState: 	nil
		mouseOverHandler: 	a MouseOverHandler
		lastMouseEvent: 	[(747@34) mouseUp 155038 nil]
		targetOffset: 	(15.0@25.0)
		damageRecorder: 	a DamageRecorder
		cacheCanvas: 	nil
		cachedCanvasHasHoles: 	false
		temporaryCursor: 	nil
		temporaryCursorOffset: 	nil
		hardwareCursor: 	nil
		hasChanged: 	true
		savedPatch: 	nil
		lastEventBuffer: 	#(1 0 0 0 0 0 nil nil)
		captureBlock: 	nil
		recentModifiers: 	0
		pendingEventQueue: 	WaitfreeQueue with 0 items
		supressNextKeyPress: 	false


[
		(morphicWorld activeHand isNotNil and: [ anEvent hand isNotNil ]) ifTrue: [
			morphicWorld activeHand handleEvent: anEvent
		]
	] in OSWindowMorphicEventHandler>>dispatchMorphicEvent:
	Receiver: an OSWindowMorphicEventHandler
	Arguments and temporary variables: 
		anEvent: 	[(747@34) mouseUp 155038 nil]
	Receiver's instance variables: 
		morphicWorld: 	a WorldMorph(757016832) [world]


WorldState>>runStepMethodsIn:
	Receiver: a WorldState
	Arguments and temporary variables: 
		aWorld: 	a WorldMorph(757016832) [world]
		queue: 	WaitfreeQueue with 0 items
		nextInQueue: 	[
		(morphicWorld activeHand isNotNil and: [ anEvent hand isNotNil...etc...
	Receiver's instance variables: 
		hands: 	an Array(a HandMorph(187254272))
		damageRecorder: 	a DamageRecorder
		stepList: 	a Heap()
		lastStepTime: 	0
		lastStepMessage: 	nil
		alarms: 	a Heap()
		lastAlarmTime: 	168293
		activeHand: 	a HandMorph(187254272)
		currentCursor: 	((CursorWithMask
	extent: (16@16)
	depth: 1
	fromArray: #(
		2r0...etc...
		worldRenderer: 	an OSWorldRenderer
		realWindowExtent: 	(1854@1011)



--- The full stack ---
PhLProcessWrapper(Object)>>error:
PhLProcessWrapper>>runAndWait
PhLVirtualMachineManager class>>systemUnzip:to:
PhLVirtualMachineManager class>>unzip:to:
PhLVirtualMachineManager class>>fetch:to:
PhLVirtualMachine>>updateFromUrl
PhLVirtualMachine>>isValidAfterUpdate
PhLLaunchConfiguration>>launchProcess
[ | processWrapper|
		processWrapper := (aPhLLaunchConfiguration launchProcess) runUnwatch.
		self doNotRunInitializationScript. "Just run, image already initialized"
		^ processWrapper ] in [ [ | processWrapper|
		processWrapper := (aPhLLaunchConfiguration launchProcess) runUnwatch.
		self doNotRunInitializationScript. "Just run, image already initialized"
		^ processWrapper ]
	on: PhLImageVersionDeterminationError
	do: [ :error | error uiAlert ] ] in PhLImage>>launchWithConfiguration:
FullBlockClosure(BlockClosure)>>on:do:
[ [ | processWrapper|
		processWrapper := (aPhLLaunchConfiguration launchProcess) runUnwatch.
		self doNotRunInitializationScript. "Just run, image already initialized"
		^ processWrapper ]
	on: PhLImageVersionDeterminationError
	do: [ :error | error uiAlert ] ] in PhLImage>>launchWithConfiguration:
FullBlockClosure(BlockClosure)>>on:do:
PhLImage>>launchWithConfiguration:
[ 
		launchConfig := self launchConfigurationOfImage: aPhLImage.
		launchConfig useSettings: useSettings.
		process := aPhLImage launchWithConfiguration: launchConfig ] in PhLLaunchImageCommand>>launchImage:
FullBlockClosure(BlockClosure)>>on:do:
PhLLaunchImageCommand>>launchImage:
PhLLaunchImageCommand>>launchSelectedImage
PhLLaunchImageCommand>>execute
SpCommand(CmCommandDecorator)>>execute
[ specCommand execute ] in [ :specCommand | 
			aButtonClass new
				label: specCommand name;
				help: specCommand description;
				in: [ :button | 
					specCommand hasIcon
						ifTrue: [ button icon: specCommand icon ] ];
				action: [ specCommand execute ];
				yourself ] in SpCommand>>configureAsButtonOfClass:
FullBlockClosure(BlockClosure)>>cull:
SpMorphicToolbarButtonAdapter>>execute
SpToolbarButtonMorph(PluggableButtonMorph)>>performAction:
[:m |
		(m containsPoint: evt cursorPoint) ifTrue: [m enabled ifTrue: [ m performAction: evt ]]] in SpToolbarButtonMorph(PluggableButtonMorph)>>mouseUp:
Array(SequenceableCollection)>>do:
SpToolbarButtonMorph(PluggableButtonMorph)>>mouseUp:
SpToolbarButtonMorph(Morph)>>handleMouseUp:
MouseButtonEvent>>sentTo:
SpToolbarButtonMorph(Morph)>>handleEvent:
SpToolbarButtonMorph(Morph)>>handleFocusEvent:
[
		result := focusHolder handleFocusEvent: transformedEvent.
	] in HandMorph>>sendFocusEvent:to:clear:
FullBlockClosure(BlockClosure)>>on:do:
WorldMorph>>becomeActiveDuring:
HandMorph>>sendFocusEvent:to:clear:
HandMorph>>sendEvent:focus:clear:
HandMorph>>sendMouseEvent:
HandMorph>>handleEvent:
[
		(morphicWorld activeHand isNotNil and: [ anEvent hand isNotNil ]) ifTrue: [
			morphicWorld activeHand handleEvent: anEvent
		]
	] in OSWindowMorphicEventHandler>>dispatchMorphicEvent:
WorldState>>runStepMethodsIn:
 - - - - - - - - - - - - - - -  
			- - - - - - - - - - - - - - - - - -
WorldMorph>>runStepMethods
WorldState>>doOneCycleFor:
WorldMorph>>doOneCycleNow
WorldMorph>>doOneCycle
[ 
		| extraWorldsToDraw |
		extraWorldsToDraw := ExtraWorldListMutex critical: [ 
			                     self extraWorldList ].
		extraWorldsToDraw do: [ :world | world doOneCycle ].

		(self currentWorld isNotNil and: [ 
			 (extraWorldsToDraw includes: self currentWorld) not ]) ifTrue: [ 
			self currentWorld doOneCycle ] ] in WorldMorph class>>doOneCycle
FullBlockClosure(BlockClosure)>>ensure:
WorldState class>>doDrawCycleWith:
WorldMorph class>>doOneCycle
MorphicRenderLoop>>doOneCycle
MorphicRenderLoop>>doOneCycleWhile:
[
		MorphicRenderLoop new doOneCycleWhile: [ true ]
	] in MorphicUIManager>>spawnNewProcess
[self value.
			"IMPORTANT: Do not step over next line of code. See method comments for details"
			Processor terminateRealActive] in FullBlockClosure(BlockClosure)>>newProcess
-------------------------------------------------------------------------------

THERE_BE_DRAGONS_HERE
SubclassResponsibility: PhLCorruptedTemplateError had the subclass responsibility to implement #longDescription
29 June 2024 12:56:20.43431 pm

VM: unix - x86_64 - linux-gnu - CoInterpreter * VMMaker-tonel.1 uuid: ad0a8882-d297-0d00-90d3-62ff092bce84 Mar 30 2022
StackToRegisterMappingCogit * VMMaker-tonel.1 uuid: ad0a8882-d297-0d00-90d3-62ff092bce84 Mar 30 2022
v9.0.14 - Commit: 93600e1 - Date: 2022-03-30 16:40:05 +0200

Image: Pharo10.0.0 [Build information: Pharo-10.0.0+build.514.sha.06180671d95a16c446fe24e3fedb0916c1bcb31a (64 Bit)]

PhLCorruptedTemplateError(Object)>>subclassResponsibility
	Receiver: PhLCorruptedTemplateError
	Arguments and temporary variables: 
x
	Receiver's instance variables: 
		messageText: 	nil
		tag: 	nil
		signaler: 	Image template (Pharo 12.0 - 64bit (stable))
		signalContext: 	PhLCorruptedTemplateError(Exception)>>signal
		handlerContext: 	FullBlockClosure(BlockClosure)>>on:do:
		outerContext: 	nil


PhLCorruptedTemplateError(PhLError)>>longDescription
	Receiver: PhLCorruptedTemplateError
	Arguments and temporary variables: 
x
	Receiver's instance variables: 
		messageText: 	nil
		tag: 	nil
		signaler: 	Image template (Pharo 12.0 - 64bit (stable))
		signalContext: 	PhLCorruptedTemplateError(Exception)>>signal
		handlerContext: 	FullBlockClosure(BlockClosure)>>on:do:
		outerContext: 	nil


PharoLauncherApplication>>showError:
	Receiver: a PharoLauncherApplication
	Arguments and temporary variables: 
		anError: 	PhLCorruptedTemplateError
	Receiver's instance variables: 
		backend: 	a SpMorphicBackend
		windows: 	an OrderedCollection(a SpWindowPresenter)
		properties: 	nil
		configuration: 	a PharoLauncherConfiguration
		iconManager: 	nil
		iconProvider: 	a SpPharoThemeIconProvider
		imageRepository: 	a PhLDirectoryBasedImageRepository
		templateRepository: 	nil
		imagesPresenter: 	a PhLImagesPresenter
		scriptsDirectory: 	File @ /home/tato/Pharo/scripts
		openAsWorld: 	true


[ :error | 
			self application showError: error ] in PhLCreateImageFromTemplateCommand>>execute
	Receiver: a PhLCreateImageFromTemplateCommand
	Arguments and temporary variables: 
		error: 	PhLCorruptedTemplateError
	Receiver's instance variables: 
		context: 	a PhLTemplatesPresenter
		basicName: 	'Create image'
		basicDescription: 	'Create a new image from the selected template'
		image: 	Image (Pharo 12.0 - 64bit (stable))


FullBlockClosure(BlockClosure)>>cull:
	Receiver: [ :error | 
			self application showError: error ]
	Arguments and temporary variables: 
		anArg: 	PhLCorruptedTemplateError
	Receiver's instance variables: 
		outerContext: 	PhLCreateImageFromTemplateCommand>>execute
		startpc: 	a CompiledBlock: [ :error | 
			self application showError: error ]
		numArgs: 	1
		receiver: 	a PhLCreateImageFromTemplateCommand


Context>>evaluateSignal:
	Receiver: FullBlockClosure(BlockClosure)>>on:do:
	Arguments and temporary variables: 
		exception: 	PhLCorruptedTemplateError
		value: 	nil
	Receiver's instance variables: 
		sender: 	PhLCreateImageFromTemplateCommand>>execute
		pc: 	30
		stackp: 	2
		method: 	BlockClosure>>#on:do:
		closureOrNil: 	nil
		receiver: 	[ ^ self createImage ]


Context>>handleSignal:
	Receiver: FullBlockClosure(BlockClosure)>>on:do:
	Arguments and temporary variables: 
		exception: 	PhLCorruptedTemplateError
	Receiver's instance variables: 
		sender: 	PhLCreateImageFromTemplateCommand>>execute
		pc: 	30
		stackp: 	2
		method: 	BlockClosure>>#on:do:
		closureOrNil: 	nil
		receiver: 	[ ^ self createImage ]


PhLCorruptedTemplateError(Exception)>>signal
	Receiver: PhLCorruptedTemplateError
	Arguments and temporary variables: 
x
	Receiver's instance variables: 
		messageText: 	nil
		tag: 	nil
		signaler: 	Image template (Pharo 12.0 - 64bit (stable))
		signalContext: 	PhLCorruptedTemplateError(Exception)>>signal
		handlerContext: 	FullBlockClosure(BlockClosure)>>on:do:
		outerContext: 	nil


PhLCorruptedTemplateError class(Exception class)>>signal
	Receiver: PhLCorruptedTemplateError
	Arguments and temporary variables: 
x
	Receiver's instance variables: 
		superclass: 	PhLError
		methodDict: 	a MethodDictionary(#name->PhLCorruptedTemplateError>>#name )
		format: 	65542
		layout: 	a FixedLayout
		organization: 	a ClassOrganization
		subclasses: 	nil
		name: 	#PhLCorruptedTemplateError
		classPool: 	a Dictionary()
		sharedPools: 	an OrderedCollection()
		environment: 	a SystemDictionary(lots of globals)
		category: 	#'PharoLauncher-Core-Model'


[ :error | 
				error messageText = 'can''t find EOCD position'
					ifTrue: [ PhLCorruptedTemplateError signal ]
					ifFalse: [ error pass ] ] in PhLAbstractTemplate>>extractZipArchive:to:
	Receiver: Image template (Pharo 12.0 - 64bit (stable))
	Arguments and temporary variables: 
		zipFile: 	File @ /home/tato/.config/pharo/templateCache/Pharo 12.0 - 64bit (stab...etc...
		aDirectory: 	{launcherUserFilesLocation}/images/Pharo 12.0 - 64bit (stable)
		tempDirectory: 	{launcherUserFilesLocation}/images/Pharo 12.0 - 64bit (stable)/5...etc...
		zip: 	a ZipArchive
		bar: 	a SpJob
		error: 	ZipArchiveError: can't find EOCD position
	Receiver's instance variables: 
		name: 	'Pharo 12.0 - 64bit (stable)'
		url: 	https://files.pharo.org/image/120/latest-64.zip


FullBlockClosure(BlockClosure)>>cull:
	Receiver: [ :error | 
				error messageText = 'can''t find EOCD position'
					ifTrue: [ PhLCorrupte...etc...
	Arguments and temporary variables: 
		anArg: 	ZipArchiveError: can't find EOCD position
	Receiver's instance variables: 
		outerContext: 	[ :bar | | zip |	
			"We have to go through a temporary directory...etc...
		startpc: 	a CompiledBlock: [ :error | 
				error messageText = 'can''t find EOCD...etc...
		numArgs: 	1
		receiver: 	Image template (Pharo 12.0 - 64bit (stable))


Context>>evaluateSignal:
	Receiver: FullBlockClosure(BlockClosure)>>on:do:
	Arguments and temporary variables: 
		exception: 	ZipArchiveError: can't find EOCD position
		value: 	nil
	Receiver's instance variables: 
		sender: 	[ :bar | | zip |	
			"We have to go through a temporary directory becau...etc...
		pc: 	30
		stackp: 	2
		method: 	BlockClosure>>#on:do:
		closureOrNil: 	nil
		receiver: 	[
				zip := ZipArchive new.
				zip readFrom: zipFile.
				bar max: ...etc...


Context>>handleSignal:
	Receiver: FullBlockClosure(BlockClosure)>>on:do:
	Arguments and temporary variables: 
		exception: 	ZipArchiveError: can't find EOCD position
	Receiver's instance variables: 
		sender: 	[ :bar | | zip |	
			"We have to go through a temporary directory becau...etc...
		pc: 	30
		stackp: 	2
		method: 	BlockClosure>>#on:do:
		closureOrNil: 	nil
		receiver: 	[
				zip := ZipArchive new.
				zip readFrom: zipFile.
				bar max: ...etc...


ZipArchiveError(Exception)>>signal
	Receiver: ZipArchiveError: can't find EOCD position
	Arguments and temporary variables: 
x
	Receiver's instance variables: 
		messageText: 	'can''t find EOCD position'
		tag: 	nil
		signaler: 	a ZipArchive
		signalContext: 	ZipArchiveError(Exception)>>signal
		handlerContext: 	FullBlockClosure(BlockClosure)>>on:do:
		outerContext: 	nil


ZipArchiveError(Exception)>>signal:
	Receiver: ZipArchiveError: can't find EOCD position
	Arguments and temporary variables: 
		signalerText: 	'can''t find EOCD position'
	Receiver's instance variables: 
		messageText: 	'can''t find EOCD position'
		tag: 	nil
		signaler: 	a ZipArchive
		signalContext: 	ZipArchiveError(Exception)>>signal
		handlerContext: 	FullBlockClosure(BlockClosure)>>on:do:
		outerContext: 	nil


ZipArchiveError class(Exception class)>>signal:
	Receiver: ZipArchiveError
	Arguments and temporary variables: 
		message: 	'can''t find EOCD position'
	Receiver's instance variables: 
		superclass: 	Error
		methodDict: 	a MethodDictionary()
		format: 	65542
		layout: 	a FixedLayout
		organization: 	a ClassOrganization
		subclasses: 	nil
		name: 	#ZipArchiveError
		classPool: 	a Dictionary()
		sharedPools: 	nil
		environment: 	a SystemDictionary(lots of globals)
		category: 	#'Compression-Archives'


ZipArchive>>readFrom:
	Receiver: a ZipArchive
	Arguments and temporary variables: 
		aStreamOrFile: 	File @ /home/tato/.config/pharo/templateCache/Pharo 12.0 - 64bit...etc...
		stream: 	a ZnBufferedReadStream
		name: 	'/home/tato/.config/pharo/templateCache/Pharo 12.0 - 64bit (stable).zip'
		eocdPosition: 	0
	Receiver's instance variables: 
		members: 	an OrderedCollection()
		centralDirectorySize: 	nil
		centralDirectoryOffsetWRTStartingDiskNumber: 	nil
		zipFileComment: 	''
		writeCentralDirectoryOffset: 	0
		writeEOCDOffset: 	0


[
				zip := ZipArchive new.
				zip readFrom: zipFile.
				bar max: zip numberOfMembers.
				zip extractAllTo: tempDirectory informing: bar.
			] in [ :bar | | zip |	
			"We have to go through a temporary directory because we don't know where 
			 the interesting files are in the archive (maybe at the root or maybe in 
			 a subdirectory)"
			tempDirectory := aDirectory / DateAndTime millisecondClockValue asString.
			"It will crash if directory already exists. And that's good :-)"
			tempDirectory createDirectory. 
			[
				zip := ZipArchive new.
				zip readFrom: zipFile.
				bar max: zip numberOfMembers.
				zip extractAllTo: tempDirectory informing: bar.
			]
			on: Error
			do: [ :error | 
				error messageText = 'can''t find EOCD position'
					ifTrue: [ PhLCorruptedTemplateError signal ]
					ifFalse: [ error pass ] ] ] in PhLRemoteTemplate(PhLAbstractTemplate)>>extractZipArchive:to:
	Receiver: Image template (Pharo 12.0 - 64bit (stable))
	Arguments and temporary variables: 
		zipFile: 	File @ /home/tato/.config/pharo/templateCache/Pharo 12.0 - 64bit (stab...etc...
		aDirectory: 	{launcherUserFilesLocation}/images/Pharo 12.0 - 64bit (stable)
		bar: 	a SpJob
		zip: 	a ZipArchive
		tempDirectory: 	{launcherUserFilesLocation}/images/Pharo 12.0 - 64bit (stable)/5...etc...
	Receiver's instance variables: 
		name: 	'Pharo 12.0 - 64bit (stable)'
		url: 	https://files.pharo.org/image/120/latest-64.zip


FullBlockClosure(BlockClosure)>>on:do:
	Receiver: [
				zip := ZipArchive new.
				zip readFrom: zipFile.
				bar max: zip numberOfMembers.
...etc...
	Arguments and temporary variables: 
		exception: 	Error
		handlerAction: 	[ :error | 
				error messageText = 'can''t find EOCD position'
...etc...
	Receiver's instance variables: 
		outerContext: 	[ :bar | | zip |	
			"We have to go through a temporary directory...etc...
		startpc: 	a CompiledBlock: [
				zip := ZipArchive new.
				zip readFrom: zipFil...etc...
		numArgs: 	0
		receiver: 	Image template (Pharo 12.0 - 64bit (stable))


[ :bar | | zip |	
			"We have to go through a temporary directory because we don't know where 
			 the interesting files are in the archive (maybe at the root or maybe in 
			 a subdirectory)"
			tempDirectory := aDirectory / DateAndTime millisecondClockValue asString.
			"It will crash if directory already exists. And that's good :-)"
			tempDirectory createDirectory. 
			[
				zip := ZipArchive new.
				zip readFrom: zipFile.
				bar max: zip numberOfMembers.
				zip extractAllTo: tempDirectory informing: bar.
			]
			on: Error
			do: [ :error | 
				error messageText = 'can''t find EOCD position'
					ifTrue: [ PhLCorruptedTemplateError signal ]
					ifFalse: [ error pass ] ] ] in PhLRemoteTemplate(PhLAbstractTemplate)>>extractZipArchive:to:
	Receiver: Image template (Pharo 12.0 - 64bit (stable))
	Arguments and temporary variables: 
		zipFile: 	File @ /home/tato/.config/pharo/templateCache/Pharo 12.0 - 64bit (stab...etc...
		aDirectory: 	{launcherUserFilesLocation}/images/Pharo 12.0 - 64bit (stable)
		tempDirectory: 	{launcherUserFilesLocation}/images/Pharo 12.0 - 64bit (stable)/5...etc...
		zip: 	a ZipArchive
		bar: 	a SpJob
	Receiver's instance variables: 
		name: 	'Pharo 12.0 - 64bit (stable)'
		url: 	https://files.pharo.org/image/120/latest-64.zip


FullBlockClosure(BlockClosure)>>cull:
	Receiver: [ :bar | | zip |	
			"We have to go through a temporary directory because we don't know wh...etc...
	Arguments and temporary variables: 
		anArg: 	a SpJob
	Receiver's instance variables: 
		outerContext: 	PhLRemoteTemplate(PhLAbstractTemplate)>>extractZipArchive:to:
		startpc: 	a CompiledBlock: [ :bar | | zip |	
			"We have to go through a tempora...etc...
		numArgs: 	1
		receiver: 	Image template (Pharo 12.0 - 64bit (stable))


[ 
		self prepareForRunning.
	 	^ block cull: self ] in SpJob>>run
	Receiver: a SpJob
	Arguments and temporary variables: 
x
	Receiver's instance variables: 
		block: 	[ :bar | | zip |	
			"We have to go through a temporary directory becaus...etc...
		currentValue: 	0
		min: 	0
		max: 	100
		title: 	'Extracting Pharo 12.0 - 64bit (stable).zip'
		children: 	an OrderedCollection()
		isRunning: 	true
		parent: 	nil
		process: 	a Process in nil
		announcer: 	an Announcer


FullBlockClosure(BlockClosure)>>ensure:
	Receiver: [ 
		self prepareForRunning.
	 	^ block cull: self ]
	Arguments and temporary variables: 
		aBlock: 	[ self cleanupAfterRunning ]
		complete: 	nil
		returnValue: 	nil
	Receiver's instance variables: 
		outerContext: 	SpJob>>run
		startpc: 	a CompiledBlock: [ 
		self prepareForRunning.
	 	^ block cull: self ]
		numArgs: 	0
		receiver: 	a SpJob


SpJob>>run
	Receiver: a SpJob
	Arguments and temporary variables: 
x
	Receiver's instance variables: 
		block: 	[ :bar | | zip |	
			"We have to go through a temporary directory becaus...etc...
		currentValue: 	0
		min: 	0
		max: 	100
		title: 	'Extracting Pharo 12.0 - 64bit (stable).zip'
		children: 	an OrderedCollection()
		isRunning: 	true
		parent: 	nil
		process: 	a Process in nil
		announcer: 	an Announcer


SpJobListPresenter>>pushJob:
	Receiver: a SpJobListPresenter
	Arguments and temporary variables: 
		aJob: 	a SpJob
	Receiver's instance variables: 
		dependents: 	a DependentsArray(a SpMorphicBoxAdapter)
		announcer: 	an Announcer
		owner: 	a SpWindowPresenter
		adapter: 	a SpMorphicBoxAdapter
		needRebuild: 	true
		eventHandler: 	nil
		application: 	a PharoLauncherApplication
		focusOrder: 	nil
		contextKeyBindings: 	an ObservableValueHolder[ nil ]
		windowIcon: 	an ObservableValueHolder[ nil ]
		aboutText: 	an ObservableValueHolder[ nil ]
		askOkToClose: 	an ObservableValueHolder[ false ]
		titleHolder: 	an ObservableValueHolder[ 'Untitled window' ]
		additionalSubpresentersMap: 	nil
		layout: 	an ObservableValueHolder[ a SpBoxLayout ]
		visible: 	an ObservableValueHolder[ true ]
		extent: 	an ObservableValueHolder[ nil ]
		styles: 	#()
		refreshRateInMs: 	nil


PharoLauncherApplication>>pushProgress:with:
	Receiver: a PharoLauncherApplication
	Arguments and temporary variables: 
		aString: 	'Extracting Pharo 12.0 - 64bit (stable).zip'
		aBlock: 	[ :bar | | zip |	
			"We have to go through a temporary directory becau...etc...
	Receiver's instance variables: 
		backend: 	a SpMorphicBackend
		windows: 	an OrderedCollection(a SpWindowPresenter)
		properties: 	nil
		configuration: 	a PharoLauncherConfiguration
		iconManager: 	nil
		iconProvider: 	a SpPharoThemeIconProvider
		imageRepository: 	a PhLDirectoryBasedImageRepository
		templateRepository: 	nil
		imagesPresenter: 	a PhLImagesPresenter
		scriptsDirectory: 	File @ /home/tato/Pharo/scripts
		openAsWorld: 	true


PhLRemoteTemplate(PhLAbstractTemplate)>>extractZipArchive:to:
	Receiver: Image template (Pharo 12.0 - 64bit (stable))
	Arguments and temporary variables: 
		tempDirectory: 	{launcherUserFilesLocation}/images/Pharo 12.0 - 64bit (stable)/5...etc...
		zipFile: 	File @ /home/tato/.config/pharo/templateCache/Pharo 12.0 - 64bit (stab...etc...
		aDirectory: 	{launcherUserFilesLocation}/images/Pharo 12.0 - 64bit (stable)
	Receiver's instance variables: 
		name: 	'Pharo 12.0 - 64bit (stable)'
		url: 	https://files.pharo.org/image/120/latest-64.zip


PhLRemoteTemplate(PhLAbstractTemplate)>>extractTo:named:
	Receiver: Image template (Pharo 12.0 - 64bit (stable))
	Arguments and temporary variables: 
		aDirectory: 	{launcherUserFilesLocation}/images/Pharo 12.0 - 64bit (stable)
		aString: 	'Pharo 12.0 - 64bit (stable)'
		extractionDirectory: 	nil
		archive: 	File @ /home/tato/.config/pharo/templateCache/Pharo 12.0 - 64bit (stab...etc...
	Receiver's instance variables: 
		name: 	'Pharo 12.0 - 64bit (stable)'
		url: 	https://files.pharo.org/image/120/latest-64.zip


PhLDirectoryBasedImageRepository>>extractTemplate:to:
	Receiver: a PhLDirectoryBasedImageRepository
	Arguments and temporary variables: 
		aTemplate: 	Image template (Pharo 12.0 - 64bit (stable))
		anImageName: 	'Pharo 12.0 - 64bit (stable)'
		destination: 	{launcherUserFilesLocation}/images/Pharo 12.0 - 64bit (stable)
		image: 	nil
	Receiver's instance variables: 
		announcer: 	an Announcer
		wantNotification: 	true
		baseDirectory: 	nil


PhLCreateImageFromTemplateCommand>>createImage
	Receiver: a PhLCreateImageFromTemplateCommand
	Arguments and temporary variables: 
		name: 	'Pharo 12.0 - 64bit (stable)'
	Receiver's instance variables: 
		context: 	a PhLTemplatesPresenter
		basicName: 	'Create image'
		basicDescription: 	'Create a new image from the selected template'
		image: 	Image (Pharo 12.0 - 64bit (stable))


[ ^ self createImage ] in PhLCreateImageFromTemplateCommand>>execute
	Receiver: a PhLCreateImageFromTemplateCommand
	Arguments and temporary variables: 
x
	Receiver's instance variables: 
		context: 	a PhLTemplatesPresenter
		basicName: 	'Create image'
		basicDescription: 	'Create a new image from the selected template'
		image: 	Image (Pharo 12.0 - 64bit (stable))


FullBlockClosure(BlockClosure)>>on:do:
	Receiver: [ ^ self createImage ]
	Arguments and temporary variables: 
		exception: 	PhLCorruptedTemplateError
		handlerAction: 	[ :error | 
			self application showError: error ]
	Receiver's instance variables: 
		outerContext: 	PhLCreateImageFromTemplateCommand>>execute
		startpc: 	a CompiledBlock: [ ^ self createImage ]
		numArgs: 	0
		receiver: 	a PhLCreateImageFromTemplateCommand


PhLCreateImageFromTemplateCommand>>execute
	Receiver: a PhLCreateImageFromTemplateCommand
	Arguments and temporary variables: 
x
	Receiver's instance variables: 
		context: 	a PhLTemplatesPresenter
		basicName: 	'Create image'
		basicDescription: 	'Create a new image from the selected template'
		image: 	Image (Pharo 12.0 - 64bit (stable))


SpCommand(CmCommandDecorator)>>execute
	Receiver: a SpCommand(Create image)
	Arguments and temporary variables: 
x
	Receiver's instance variables: 
		decoratedCommand: 	a PhLCreateImageFromTemplateCommand
		iconProvider: 	a ThemeIcons(idea11)
		iconName: 	#smallNewIcon
		shortcutKey: 	Meta + S
		displayStrategy: 	a CmUIDisableWhenCantBeRun
		positionStrategy: 	a CmUILeftPositionStrategy
		buildPresenterBlock: 	[ :specCommand | 
			aButtonClass new
				label: specComma...etc...
		presenter: 	a SpButtonPresenter


[ 
		createCommand execute.
		self close ] in PhLImageCreationPresenter>>createImageWithCommand:
	Receiver: a PhLImageCreationPresenter
	Arguments and temporary variables: 
		createCommand: 	a SpCommand(Create image)
	Receiver's instance variables: 
		dependents: 	a DependentsArray(a SpMorphicBoxAdapter a SpMorphicBoxAdapter a SpM...etc...
		announcer: 	an Announcer
		owner: 	a PhLTemplatesPresenter
		adapter: 	a SpMorphicBoxAdapter
		needRebuild: 	true
		eventHandler: 	nil
		application: 	nil
		focusOrder: 	nil
		contextKeyBindings: 	an ObservableValueHolder[ nil ]
		windowIcon: 	an ObservableValueHolder[ nil ]
		aboutText: 	an ObservableValueHolder[ nil ]
		askOkToClose: 	an ObservableValueHolder[ false ]
		titleHolder: 	an ObservableValueHolder[ 'Untitled window' ]
		additionalSubpresentersMap: 	a Dictionary()
		layout: 	an ObservableValueHolder[ a SpBoxLayout ]
		visible: 	an ObservableValueHolder[ true ]
		extent: 	an ObservableValueHolder[ nil ]
		styles: 	#()
		announcingObject: 	a NewValueHolder[ Image template (Pharo 12.0 - 64bit (stable)...etc...
		reservedImagesNamesCache: 	an OrderedCollection('pharo 13.0 - 64bit (development...etc...
		imageName: 	a SpTextInputFieldPresenter
		createButton: 	a SpButtonPresenter
		initScriptText: 	a SpTextPresenter
		initScript: 	a SpDropListPresenter
		editInitScriptButton: 	a SpButtonPresenter
		descriptionText: 	a SpTextPresenter
		imageNameCheck: 	a SpImagePresenter
		isNameValid: 	true


FullBlockClosure(BlockClosure)>>on:do:
	Receiver: [ 
		createCommand execute.
		self close ]
	Arguments and temporary variables: 
		exception: 	PhLNameNotAvailableError
		handlerAction: 	[ 
		self newInformation 
			message: 'An image with the same na...etc...
	Receiver's instance variables: 
		outerContext: 	PhLImageCreationPresenter>>createImageWithCommand:
		startpc: 	a CompiledBlock: [ 
		createCommand execute.
		self close ]
		numArgs: 	0
		receiver: 	a PhLImageCreationPresenter


PhLImageCreationPresenter>>createImageWithCommand:
	Receiver: a PhLImageCreationPresenter
	Arguments and temporary variables: 
		createCommand: 	a SpCommand(Create image)
	Receiver's instance variables: 
		dependents: 	a DependentsArray(a SpMorphicBoxAdapter a SpMorphicBoxAdapter a SpM...etc...
		announcer: 	an Announcer
		owner: 	a PhLTemplatesPresenter
		adapter: 	a SpMorphicBoxAdapter
		needRebuild: 	true
		eventHandler: 	nil
		application: 	nil
		focusOrder: 	nil
		contextKeyBindings: 	an ObservableValueHolder[ nil ]
		windowIcon: 	an ObservableValueHolder[ nil ]
		aboutText: 	an ObservableValueHolder[ nil ]
		askOkToClose: 	an ObservableValueHolder[ false ]
		titleHolder: 	an ObservableValueHolder[ 'Untitled window' ]
		additionalSubpresentersMap: 	a Dictionary()
		layout: 	an ObservableValueHolder[ a SpBoxLayout ]
		visible: 	an ObservableValueHolder[ true ]
		extent: 	an ObservableValueHolder[ nil ]
		styles: 	#()
		announcingObject: 	a NewValueHolder[ Image template (Pharo 12.0 - 64bit (stable)...etc...
		reservedImagesNamesCache: 	an OrderedCollection('pharo 13.0 - 64bit (development...etc...
		imageName: 	a SpTextInputFieldPresenter
		createButton: 	a SpButtonPresenter
		initScriptText: 	a SpTextPresenter
		initScript: 	a SpDropListPresenter
		editInitScriptButton: 	a SpButtonPresenter
		descriptionText: 	a SpTextPresenter
		imageNameCheck: 	a SpImagePresenter
		isNameValid: 	true


[ self createImageWithCommand: createCommand ] in PhLImageCreationPresenter>>initializePresenters
	Receiver: a PhLImageCreationPresenter
	Arguments and temporary variables: 
		createCommand: 	a SpCommand(Create image)
	Receiver's instance variables: 
		dependents: 	a DependentsArray(a SpMorphicBoxAdapter a SpMorphicBoxAdapter a SpM...etc...
		announcer: 	an Announcer
		owner: 	a PhLTemplatesPresenter
		adapter: 	a SpMorphicBoxAdapter
		needRebuild: 	true
		eventHandler: 	nil
		application: 	nil
		focusOrder: 	nil
		contextKeyBindings: 	an ObservableValueHolder[ nil ]
		windowIcon: 	an ObservableValueHolder[ nil ]
		aboutText: 	an ObservableValueHolder[ nil ]
		askOkToClose: 	an ObservableValueHolder[ false ]
		titleHolder: 	an ObservableValueHolder[ 'Untitled window' ]
		additionalSubpresentersMap: 	a Dictionary()
		layout: 	an ObservableValueHolder[ a SpBoxLayout ]
		visible: 	an ObservableValueHolder[ true ]
		extent: 	an ObservableValueHolder[ nil ]
		styles: 	#()
		announcingObject: 	a NewValueHolder[ Image template (Pharo 12.0 - 64bit (stable)...etc...
		reservedImagesNamesCache: 	an OrderedCollection('pharo 13.0 - 64bit (development...etc...
		imageName: 	a SpTextInputFieldPresenter
		createButton: 	a SpButtonPresenter
		initScriptText: 	a SpTextPresenter
		initScript: 	a SpDropListPresenter
		editInitScriptButton: 	a SpButtonPresenter
		descriptionText: 	a SpTextPresenter
		imageNameCheck: 	a SpImagePresenter
		isNameValid: 	true


SpButtonPresenter>>performAction
	Receiver: a SpButtonPresenter
	Arguments and temporary variables: 
x
	Receiver's instance variables: 
		dependents: 	a DependentsArray(a SpMorphicButtonAdapter)
		announcer: 	an Announcer
		owner: 	a PhLImageCreationPresenter
		adapter: 	a SpMorphicButtonAdapter
		needRebuild: 	true
		eventHandler: 	nil
		application: 	nil
		focusOrder: 	nil
		contextKeyBindings: 	an ObservableValueHolder[ nil ]
		windowIcon: 	an ObservableValueHolder[ nil ]
		aboutText: 	an ObservableValueHolder[ nil ]
		askOkToClose: 	an ObservableValueHolder[ false ]
		titleHolder: 	an ObservableValueHolder[ 'Button' ]
		additionalSubpresentersMap: 	nil
		layout: 	an ObservableValueHolder[ a SpAbstractWidgetLayout ]
		visible: 	an ObservableValueHolder[ true ]
		extent: 	an ObservableValueHolder[ nil ]
		styles: 	#()
		borderWidth: 	an ObservableValueHolder[ nil ]
		borderColor: 	an ObservableValueHolder[ nil ]
		dragEnabled: 	an ObservableValueHolder[ false ]
		dropEnabled: 	an ObservableValueHolder[ false ]
		color: 	an ObservableValueHolder[ nil ]
		help: 	an ObservableValueHolder[ 'Create a new image from the selected template'...etc...
		enabled: 	an ObservableValueHolder[ true ]
		wantsDrop: 	an ObservableValueHolder[ [ :transfer | self dropEnabled ] ]
		acceptDrop: 	an ObservableValueHolder[ [ :transfer | ] ]
		deferredActions: 	nil
		icon: 	an ObservableValueHolder[ Form(16x16x32) ]
		label: 	an ObservableValueHolder[ 'Create image' ]
		action: 	an ObservableValueHolder[ [ self createImageWithCommand: createCommand ...etc...
		actionPerformed: 	an ObservableValueHolder[ nil ]
		askBeforeChanging: 	an ObservableValueHolder[ false ]
		font: 	an ObservableValueHolder[ nil ]
		shortcut: 	an ObservableValueHolder[ nil ]
		state: 	an ObservableValueHolder[ false ]
		contextMenu: 	an ObservableValueHolder[ nil ]



--- The full stack ---
PhLCorruptedTemplateError(Object)>>subclassResponsibility
PhLCorruptedTemplateError(PhLError)>>longDescription
PharoLauncherApplication>>showError:
[ :error | 
			self application showError: error ] in PhLCreateImageFromTemplateCommand>>execute
FullBlockClosure(BlockClosure)>>cull:
Context>>evaluateSignal:
Context>>handleSignal:
PhLCorruptedTemplateError(Exception)>>signal
PhLCorruptedTemplateError class(Exception class)>>signal
[ :error | 
				error messageText = 'can''t find EOCD position'
					ifTrue: [ PhLCorruptedTemplateError signal ]
					ifFalse: [ error pass ] ] in PhLAbstractTemplate>>extractZipArchive:to:
FullBlockClosure(BlockClosure)>>cull:
Context>>evaluateSignal:
Context>>handleSignal:
ZipArchiveError(Exception)>>signal
ZipArchiveError(Exception)>>signal:
ZipArchiveError class(Exception class)>>signal:
ZipArchive>>readFrom:
[
				zip := ZipArchive new.
				zip readFrom: zipFile.
				bar max: zip numberOfMembers.
				zip extractAllTo: tempDirectory informing: bar.
			] in [ :bar | | zip |	
			"We have to go through a temporary directory because we don't know where 
			 the interesting files are in the archive (maybe at the root or maybe in 
			 a subdirectory)"
			tempDirectory := aDirectory / DateAndTime millisecondClockValue asString.
			"It will crash if directory already exists. And that's good :-)"
			tempDirectory createDirectory. 
			[
				zip := ZipArchive new.
				zip readFrom: zipFile.
				bar max: zip numberOfMembers.
				zip extractAllTo: tempDirectory informing: bar.
			]
			on: Error
			do: [ :error | 
				error messageText = 'can''t find EOCD position'
					ifTrue: [ PhLCorruptedTemplateError signal ]
					ifFalse: [ error pass ] ] ] in PhLRemoteTemplate(PhLAbstractTemplate)>>extractZipArchive:to:
FullBlockClosure(BlockClosure)>>on:do:
[ :bar | | zip |	
			"We have to go through a temporary directory because we don't know where 
			 the interesting files are in the archive (maybe at the root or maybe in 
			 a subdirectory)"
			tempDirectory := aDirectory / DateAndTime millisecondClockValue asString.
			"It will crash if directory already exists. And that's good :-)"
			tempDirectory createDirectory. 
			[
				zip := ZipArchive new.
				zip readFrom: zipFile.
				bar max: zip numberOfMembers.
				zip extractAllTo: tempDirectory informing: bar.
			]
			on: Error
			do: [ :error | 
				error messageText = 'can''t find EOCD position'
					ifTrue: [ PhLCorruptedTemplateError signal ]
					ifFalse: [ error pass ] ] ] in PhLRemoteTemplate(PhLAbstractTemplate)>>extractZipArchive:to:
FullBlockClosure(BlockClosure)>>cull:
[ 
		self prepareForRunning.
	 	^ block cull: self ] in SpJob>>run
FullBlockClosure(BlockClosure)>>ensure:
SpJob>>run
SpJobListPresenter>>pushJob:
PharoLauncherApplication>>pushProgress:with:
PhLRemoteTemplate(PhLAbstractTemplate)>>extractZipArchive:to:
PhLRemoteTemplate(PhLAbstractTemplate)>>extractTo:named:
PhLDirectoryBasedImageRepository>>extractTemplate:to:
PhLCreateImageFromTemplateCommand>>createImage
[ ^ self createImage ] in PhLCreateImageFromTemplateCommand>>execute
FullBlockClosure(BlockClosure)>>on:do:
PhLCreateImageFromTemplateCommand>>execute
SpCommand(CmCommandDecorator)>>execute
[ 
		createCommand execute.
		self close ] in PhLImageCreationPresenter>>createImageWithCommand:
FullBlockClosure(BlockClosure)>>on:do:
PhLImageCreationPresenter>>createImageWithCommand:
[ self createImageWithCommand: createCommand ] in PhLImageCreationPresenter>>initializePresenters
SpButtonPresenter>>performAction
 - - - - - - - - - - - - - - -  
			- - - - - - - - - - - - - - - - - -
SpMorphicButtonAdapter>>action
PluggableButtonMorph>>performAction:
[:m |
		(m containsPoint: evt cursorPoint) ifTrue: [m enabled ifTrue: [ m performAction: evt ]]] in PluggableButtonMorph>>mouseUp:
Array(SequenceableCollection)>>do:
PluggableButtonMorph>>mouseUp:
PluggableButtonMorph(Morph)>>handleMouseUp:
MouseButtonEvent>>sentTo:
PluggableButtonMorph(Morph)>>handleEvent:
PluggableButtonMorph(Morph)>>handleFocusEvent:
[
		result := focusHolder handleFocusEvent: transformedEvent.
	] in HandMorph>>sendFocusEvent:to:clear:
FullBlockClosure(BlockClosure)>>on:do:
WorldMorph>>becomeActiveDuring:
HandMorph>>sendFocusEvent:to:clear:
HandMorph>>sendEvent:focus:clear:
HandMorph>>sendMouseEvent:
HandMorph>>handleEvent:
[
		(morphicWorld activeHand isNotNil and: [ anEvent hand isNotNil ]) ifTrue: [
			morphicWorld activeHand handleEvent: anEvent
		]
	] in OSWindowMorphicEventHandler>>dispatchMorphicEvent:
WorldState>>runStepMethodsIn:
WorldMorph>>runStepMethods
WorldState>>doOneCycleFor:
WorldMorph>>doOneCycleNow
WorldMorph>>doOneCycle
[ 
		| extraWorldsToDraw |
		extraWorldsToDraw := ExtraWorldListMutex critical: [ 
			                     self extraWorldList ].
		extraWorldsToDraw do: [ :world | world doOneCycle ].

		(self currentWorld isNotNil and: [ 
			 (extraWorldsToDraw includes: self currentWorld) not ]) ifTrue: [ 
			self currentWorld doOneCycle ] ] in WorldMorph class>>doOneCycle
FullBlockClosure(BlockClosure)>>ensure:
WorldState class>>doDrawCycleWith:
WorldMorph class>>doOneCycle
MorphicRenderLoop>>doOneCycle
MorphicRenderLoop>>doOneCycleWhile:
[
		MorphicRenderLoop new doOneCycleWhile: [ true ]
	] in MorphicUIManager>>spawnNewProcess
[self value.
			"IMPORTANT: Do not step over next line of code. See method comments for details"
			Processor terminateRealActive] in FullBlockClosure(BlockClosure)>>newProcess
-------------------------------------------------------------------------------

THERE_BE_DRAGONS_HERE
SubclassResponsibility: PhLCorruptedTemplateError had the subclass responsibility to implement #longDescription
29 June 2024 12:56:20.48863 pm

VM: unix - x86_64 - linux-gnu - CoInterpreter * VMMaker-tonel.1 uuid: ad0a8882-d297-0d00-90d3-62ff092bce84 Mar 30 2022
StackToRegisterMappingCogit * VMMaker-tonel.1 uuid: ad0a8882-d297-0d00-90d3-62ff092bce84 Mar 30 2022
v9.0.14 - Commit: 93600e1 - Date: 2022-03-30 16:40:05 +0200

Image: Pharo10.0.0 [Build information: Pharo-10.0.0+build.514.sha.06180671d95a16c446fe24e3fedb0916c1bcb31a (64 Bit)]

PhLCorruptedTemplateError(Object)>>subclassResponsibility
	Receiver: PhLCorruptedTemplateError
	Arguments and temporary variables: 
x
	Receiver's instance variables: 
		messageText: 	nil
		tag: 	nil
		signaler: 	Image template (Pharo 12.0 - 64bit (stable))
		signalContext: 	PhLCorruptedTemplateError(Exception)>>signal
		handlerContext: 	FullBlockClosure(BlockClosure)>>on:do:
		outerContext: 	nil


PhLCorruptedTemplateError(PhLError)>>longDescription
	Receiver: PhLCorruptedTemplateError
	Arguments and temporary variables: 
x
	Receiver's instance variables: 
		messageText: 	nil
		tag: 	nil
		signaler: 	Image template (Pharo 12.0 - 64bit (stable))
		signalContext: 	PhLCorruptedTemplateError(Exception)>>signal
		handlerContext: 	FullBlockClosure(BlockClosure)>>on:do:
		outerContext: 	nil


PharoLauncherApplication>>showError:
	Receiver: a PharoLauncherApplication
	Arguments and temporary variables: 
		anError: 	PhLCorruptedTemplateError
	Receiver's instance variables: 
		backend: 	a SpMorphicBackend
		windows: 	an OrderedCollection(a SpWindowPresenter)
		properties: 	nil
		configuration: 	a PharoLauncherConfiguration
		iconManager: 	nil
		iconProvider: 	a SpPharoThemeIconProvider
		imageRepository: 	a PhLDirectoryBasedImageRepository
		templateRepository: 	nil
		imagesPresenter: 	a PhLImagesPresenter
		scriptsDirectory: 	File @ /home/tato/Pharo/scripts
		openAsWorld: 	true


[ :error | 
			self application showError: error ] in PhLCreateImageFromTemplateCommand>>execute
	Receiver: a PhLCreateImageFromTemplateCommand
	Arguments and temporary variables: 
		error: 	PhLCorruptedTemplateError
	Receiver's instance variables: 
		context: 	a PhLTemplatesPresenter
		basicName: 	'Create image'
		basicDescription: 	'Create a new image from the selected template'
		image: 	Image (Pharo 12.0 - 64bit (stable))


FullBlockClosure(BlockClosure)>>cull:
	Receiver: [ :error | 
			self application showError: error ]
	Arguments and temporary variables: 
		anArg: 	PhLCorruptedTemplateError
	Receiver's instance variables: 
		outerContext: 	PhLCreateImageFromTemplateCommand>>execute
		startpc: 	a CompiledBlock: [ :error | 
			self application showError: error ]
		numArgs: 	1
		receiver: 	a PhLCreateImageFromTemplateCommand


Context>>evaluateSignal:
	Receiver: FullBlockClosure(BlockClosure)>>on:do:
	Arguments and temporary variables: 
		exception: 	PhLCorruptedTemplateError
		value: 	nil
	Receiver's instance variables: 
		sender: 	PhLCreateImageFromTemplateCommand>>execute
		pc: 	30
		stackp: 	2
		method: 	BlockClosure>>#on:do:
		closureOrNil: 	nil
		receiver: 	[ ^ self createImage ]


Context>>handleSignal:
	Receiver: FullBlockClosure(BlockClosure)>>on:do:
	Arguments and temporary variables: 
		exception: 	PhLCorruptedTemplateError
	Receiver's instance variables: 
		sender: 	PhLCreateImageFromTemplateCommand>>execute
		pc: 	30
		stackp: 	2
		method: 	BlockClosure>>#on:do:
		closureOrNil: 	nil
		receiver: 	[ ^ self createImage ]


PhLCorruptedTemplateError(Exception)>>signal
	Receiver: PhLCorruptedTemplateError
	Arguments and temporary variables: 
x
	Receiver's instance variables: 
		messageText: 	nil
		tag: 	nil
		signaler: 	Image template (Pharo 12.0 - 64bit (stable))
		signalContext: 	PhLCorruptedTemplateError(Exception)>>signal
		handlerContext: 	FullBlockClosure(BlockClosure)>>on:do:
		outerContext: 	nil


PhLCorruptedTemplateError class(Exception class)>>signal
	Receiver: PhLCorruptedTemplateError
	Arguments and temporary variables: 
x
	Receiver's instance variables: 
		superclass: 	PhLError
		methodDict: 	a MethodDictionary(#name->PhLCorruptedTemplateError>>#name )
		format: 	65542
		layout: 	a FixedLayout
		organization: 	a ClassOrganization
		subclasses: 	nil
		name: 	#PhLCorruptedTemplateError
		classPool: 	a Dictionary()
		sharedPools: 	an OrderedCollection()
		environment: 	a SystemDictionary(lots of globals)
		category: 	#'PharoLauncher-Core-Model'


[ :error | 
				error messageText = 'can''t find EOCD position'
					ifTrue: [ PhLCorruptedTemplateError signal ]
					ifFalse: [ error pass ] ] in PhLAbstractTemplate>>extractZipArchive:to:
	Receiver: Image template (Pharo 12.0 - 64bit (stable))
	Arguments and temporary variables: 
		zipFile: 	File @ /home/tato/.config/pharo/templateCache/Pharo 12.0 - 64bit (stab...etc...
		aDirectory: 	{launcherUserFilesLocation}/images/Pharo 12.0 - 64bit (stable)
		tempDirectory: 	{launcherUserFilesLocation}/images/Pharo 12.0 - 64bit (stable)/5...etc...
		zip: 	a ZipArchive
		bar: 	a SpJob
		error: 	ZipArchiveError: can't find EOCD position
	Receiver's instance variables: 
		name: 	'Pharo 12.0 - 64bit (stable)'
		url: 	https://files.pharo.org/image/120/latest-64.zip


FullBlockClosure(BlockClosure)>>cull:
	Receiver: [ :error | 
				error messageText = 'can''t find EOCD position'
					ifTrue: [ PhLCorrupte...etc...
	Arguments and temporary variables: 
		anArg: 	ZipArchiveError: can't find EOCD position
	Receiver's instance variables: 
		outerContext: 	[ :bar | | zip |	
			"We have to go through a temporary directory...etc...
		startpc: 	a CompiledBlock: [ :error | 
				error messageText = 'can''t find EOCD...etc...
		numArgs: 	1
		receiver: 	Image template (Pharo 12.0 - 64bit (stable))


Context>>evaluateSignal:
	Receiver: FullBlockClosure(BlockClosure)>>on:do:
	Arguments and temporary variables: 
		exception: 	ZipArchiveError: can't find EOCD position
		value: 	nil
	Receiver's instance variables: 
		sender: 	[ :bar | | zip |	
			"We have to go through a temporary directory becau...etc...
		pc: 	30
		stackp: 	2
		method: 	BlockClosure>>#on:do:
		closureOrNil: 	nil
		receiver: 	[
				zip := ZipArchive new.
				zip readFrom: zipFile.
				bar max: ...etc...


Context>>handleSignal:
	Receiver: FullBlockClosure(BlockClosure)>>on:do:
	Arguments and temporary variables: 
		exception: 	ZipArchiveError: can't find EOCD position
	Receiver's instance variables: 
		sender: 	[ :bar | | zip |	
			"We have to go through a temporary directory becau...etc...
		pc: 	30
		stackp: 	2
		method: 	BlockClosure>>#on:do:
		closureOrNil: 	nil
		receiver: 	[
				zip := ZipArchive new.
				zip readFrom: zipFile.
				bar max: ...etc...


ZipArchiveError(Exception)>>signal
	Receiver: ZipArchiveError: can't find EOCD position
	Arguments and temporary variables: 
x
	Receiver's instance variables: 
		messageText: 	'can''t find EOCD position'
		tag: 	nil
		signaler: 	a ZipArchive
		signalContext: 	ZipArchiveError(Exception)>>signal
		handlerContext: 	FullBlockClosure(BlockClosure)>>on:do:
		outerContext: 	nil


ZipArchiveError(Exception)>>signal:
	Receiver: ZipArchiveError: can't find EOCD position
	Arguments and temporary variables: 
		signalerText: 	'can''t find EOCD position'
	Receiver's instance variables: 
		messageText: 	'can''t find EOCD position'
		tag: 	nil
		signaler: 	a ZipArchive
		signalContext: 	ZipArchiveError(Exception)>>signal
		handlerContext: 	FullBlockClosure(BlockClosure)>>on:do:
		outerContext: 	nil


ZipArchiveError class(Exception class)>>signal:
	Receiver: ZipArchiveError
	Arguments and temporary variables: 
		message: 	'can''t find EOCD position'
	Receiver's instance variables: 
		superclass: 	Error
		methodDict: 	a MethodDictionary()
		format: 	65542
		layout: 	a FixedLayout
		organization: 	a ClassOrganization
		subclasses: 	nil
		name: 	#ZipArchiveError
		classPool: 	a Dictionary()
		sharedPools: 	nil
		environment: 	a SystemDictionary(lots of globals)
		category: 	#'Compression-Archives'


ZipArchive>>readFrom:
	Receiver: a ZipArchive
	Arguments and temporary variables: 
		aStreamOrFile: 	File @ /home/tato/.config/pharo/templateCache/Pharo 12.0 - 64bit...etc...
		stream: 	a ZnBufferedReadStream
		name: 	'/home/tato/.config/pharo/templateCache/Pharo 12.0 - 64bit (stable).zip'
		eocdPosition: 	0
	Receiver's instance variables: 
		members: 	an OrderedCollection()
		centralDirectorySize: 	nil
		centralDirectoryOffsetWRTStartingDiskNumber: 	nil
		zipFileComment: 	''
		writeCentralDirectoryOffset: 	0
		writeEOCDOffset: 	0


[
				zip := ZipArchive new.
				zip readFrom: zipFile.
				bar max: zip numberOfMembers.
				zip extractAllTo: tempDirectory informing: bar.
			] in [ :bar | | zip |	
			"We have to go through a temporary directory because we don't know where 
			 the interesting files are in the archive (maybe at the root or maybe in 
			 a subdirectory)"
			tempDirectory := aDirectory / DateAndTime millisecondClockValue asString.
			"It will crash if directory already exists. And that's good :-)"
			tempDirectory createDirectory. 
			[
				zip := ZipArchive new.
				zip readFrom: zipFile.
				bar max: zip numberOfMembers.
				zip extractAllTo: tempDirectory informing: bar.
			]
			on: Error
			do: [ :error | 
				error messageText = 'can''t find EOCD position'
					ifTrue: [ PhLCorruptedTemplateError signal ]
					ifFalse: [ error pass ] ] ] in PhLRemoteTemplate(PhLAbstractTemplate)>>extractZipArchive:to:
	Receiver: Image template (Pharo 12.0 - 64bit (stable))
	Arguments and temporary variables: 
		zipFile: 	File @ /home/tato/.config/pharo/templateCache/Pharo 12.0 - 64bit (stab...etc...
		aDirectory: 	{launcherUserFilesLocation}/images/Pharo 12.0 - 64bit (stable)
		bar: 	a SpJob
		zip: 	a ZipArchive
		tempDirectory: 	{launcherUserFilesLocation}/images/Pharo 12.0 - 64bit (stable)/5...etc...
	Receiver's instance variables: 
		name: 	'Pharo 12.0 - 64bit (stable)'
		url: 	https://files.pharo.org/image/120/latest-64.zip


FullBlockClosure(BlockClosure)>>on:do:
	Receiver: [
				zip := ZipArchive new.
				zip readFrom: zipFile.
				bar max: zip numberOfMembers.
...etc...
	Arguments and temporary variables: 
		exception: 	Error
		handlerAction: 	[ :error | 
				error messageText = 'can''t find EOCD position'
...etc...
	Receiver's instance variables: 
		outerContext: 	[ :bar | | zip |	
			"We have to go through a temporary directory...etc...
		startpc: 	a CompiledBlock: [
				zip := ZipArchive new.
				zip readFrom: zipFil...etc...
		numArgs: 	0
		receiver: 	Image template (Pharo 12.0 - 64bit (stable))


[ :bar | | zip |	
			"We have to go through a temporary directory because we don't know where 
			 the interesting files are in the archive (maybe at the root or maybe in 
			 a subdirectory)"
			tempDirectory := aDirectory / DateAndTime millisecondClockValue asString.
			"It will crash if directory already exists. And that's good :-)"
			tempDirectory createDirectory. 
			[
				zip := ZipArchive new.
				zip readFrom: zipFile.
				bar max: zip numberOfMembers.
				zip extractAllTo: tempDirectory informing: bar.
			]
			on: Error
			do: [ :error | 
				error messageText = 'can''t find EOCD position'
					ifTrue: [ PhLCorruptedTemplateError signal ]
					ifFalse: [ error pass ] ] ] in PhLRemoteTemplate(PhLAbstractTemplate)>>extractZipArchive:to:
	Receiver: Image template (Pharo 12.0 - 64bit (stable))
	Arguments and temporary variables: 
		zipFile: 	File @ /home/tato/.config/pharo/templateCache/Pharo 12.0 - 64bit (stab...etc...
		aDirectory: 	{launcherUserFilesLocation}/images/Pharo 12.0 - 64bit (stable)
		tempDirectory: 	{launcherUserFilesLocation}/images/Pharo 12.0 - 64bit (stable)/5...etc...
		zip: 	a ZipArchive
		bar: 	a SpJob
	Receiver's instance variables: 
		name: 	'Pharo 12.0 - 64bit (stable)'
		url: 	https://files.pharo.org/image/120/latest-64.zip


FullBlockClosure(BlockClosure)>>cull:
	Receiver: [ :bar | | zip |	
			"We have to go through a temporary directory because we don't know wh...etc...
	Arguments and temporary variables: 
		anArg: 	a SpJob
	Receiver's instance variables: 
		outerContext: 	PhLRemoteTemplate(PhLAbstractTemplate)>>extractZipArchive:to:
		startpc: 	a CompiledBlock: [ :bar | | zip |	
			"We have to go through a tempora...etc...
		numArgs: 	1
		receiver: 	Image template (Pharo 12.0 - 64bit (stable))


[ 
		self prepareForRunning.
	 	^ block cull: self ] in SpJob>>run
	Receiver: a SpJob
	Arguments and temporary variables: 
x
	Receiver's instance variables: 
		block: 	[ :bar | | zip |	
			"We have to go through a temporary directory becaus...etc...
		currentValue: 	0
		min: 	0
		max: 	100
		title: 	'Extracting Pharo 12.0 - 64bit (stable).zip'
		children: 	an OrderedCollection()
		isRunning: 	true
		parent: 	nil
		process: 	a Process in nil
		announcer: 	an Announcer


FullBlockClosure(BlockClosure)>>ensure:
	Receiver: [ 
		self prepareForRunning.
	 	^ block cull: self ]
	Arguments and temporary variables: 
		aBlock: 	[ self cleanupAfterRunning ]
		complete: 	nil
		returnValue: 	nil
	Receiver's instance variables: 
		outerContext: 	SpJob>>run
		startpc: 	a CompiledBlock: [ 
		self prepareForRunning.
	 	^ block cull: self ]
		numArgs: 	0
		receiver: 	a SpJob


SpJob>>run
	Receiver: a SpJob
	Arguments and temporary variables: 
x
	Receiver's instance variables: 
		block: 	[ :bar | | zip |	
			"We have to go through a temporary directory becaus...etc...
		currentValue: 	0
		min: 	0
		max: 	100
		title: 	'Extracting Pharo 12.0 - 64bit (stable).zip'
		children: 	an OrderedCollection()
		isRunning: 	true
		parent: 	nil
		process: 	a Process in nil
		announcer: 	an Announcer


SpJobListPresenter>>pushJob:
	Receiver: a SpJobListPresenter
	Arguments and temporary variables: 
		aJob: 	a SpJob
	Receiver's instance variables: 
		dependents: 	a DependentsArray(a SpMorphicBoxAdapter)
		announcer: 	an Announcer
		owner: 	a SpWindowPresenter
		adapter: 	a SpMorphicBoxAdapter
		needRebuild: 	true
		eventHandler: 	nil
		application: 	a PharoLauncherApplication
		focusOrder: 	nil
		contextKeyBindings: 	an ObservableValueHolder[ nil ]
		windowIcon: 	an ObservableValueHolder[ nil ]
		aboutText: 	an ObservableValueHolder[ nil ]
		askOkToClose: 	an ObservableValueHolder[ false ]
		titleHolder: 	an ObservableValueHolder[ 'Untitled window' ]
		additionalSubpresentersMap: 	nil
		layout: 	an ObservableValueHolder[ a SpBoxLayout ]
		visible: 	an ObservableValueHolder[ true ]
		extent: 	an ObservableValueHolder[ nil ]
		styles: 	#()
		refreshRateInMs: 	nil


PharoLauncherApplication>>pushProgress:with:
	Receiver: a PharoLauncherApplication
	Arguments and temporary variables: 
		aString: 	'Extracting Pharo 12.0 - 64bit (stable).zip'
		aBlock: 	[ :bar | | zip |	
			"We have to go through a temporary directory becau...etc...
	Receiver's instance variables: 
		backend: 	a SpMorphicBackend
		windows: 	an OrderedCollection(a SpWindowPresenter)
		properties: 	nil
		configuration: 	a PharoLauncherConfiguration
		iconManager: 	nil
		iconProvider: 	a SpPharoThemeIconProvider
		imageRepository: 	a PhLDirectoryBasedImageRepository
		templateRepository: 	nil
		imagesPresenter: 	a PhLImagesPresenter
		scriptsDirectory: 	File @ /home/tato/Pharo/scripts
		openAsWorld: 	true


PhLRemoteTemplate(PhLAbstractTemplate)>>extractZipArchive:to:
	Receiver: Image template (Pharo 12.0 - 64bit (stable))
	Arguments and temporary variables: 
		tempDirectory: 	{launcherUserFilesLocation}/images/Pharo 12.0 - 64bit (stable)/5...etc...
		zipFile: 	File @ /home/tato/.config/pharo/templateCache/Pharo 12.0 - 64bit (stab...etc...
		aDirectory: 	{launcherUserFilesLocation}/images/Pharo 12.0 - 64bit (stable)
	Receiver's instance variables: 
		name: 	'Pharo 12.0 - 64bit (stable)'
		url: 	https://files.pharo.org/image/120/latest-64.zip


PhLRemoteTemplate(PhLAbstractTemplate)>>extractTo:named:
	Receiver: Image template (Pharo 12.0 - 64bit (stable))
	Arguments and temporary variables: 
		aDirectory: 	{launcherUserFilesLocation}/images/Pharo 12.0 - 64bit (stable)
		aString: 	'Pharo 12.0 - 64bit (stable)'
		extractionDirectory: 	nil
		archive: 	File @ /home/tato/.config/pharo/templateCache/Pharo 12.0 - 64bit (stab...etc...
	Receiver's instance variables: 
		name: 	'Pharo 12.0 - 64bit (stable)'
		url: 	https://files.pharo.org/image/120/latest-64.zip


PhLDirectoryBasedImageRepository>>extractTemplate:to:
	Receiver: a PhLDirectoryBasedImageRepository
	Arguments and temporary variables: 
		aTemplate: 	Image template (Pharo 12.0 - 64bit (stable))
		anImageName: 	'Pharo 12.0 - 64bit (stable)'
		destination: 	{launcherUserFilesLocation}/images/Pharo 12.0 - 64bit (stable)
		image: 	nil
	Receiver's instance variables: 
		announcer: 	an Announcer
		wantNotification: 	true
		baseDirectory: 	nil


PhLCreateImageFromTemplateCommand>>createImage
	Receiver: a PhLCreateImageFromTemplateCommand
	Arguments and temporary variables: 
		name: 	'Pharo 12.0 - 64bit (stable)'
	Receiver's instance variables: 
		context: 	a PhLTemplatesPresenter
		basicName: 	'Create image'
		basicDescription: 	'Create a new image from the selected template'
		image: 	Image (Pharo 12.0 - 64bit (stable))


[ ^ self createImage ] in PhLCreateImageFromTemplateCommand>>execute
	Receiver: a PhLCreateImageFromTemplateCommand
	Arguments and temporary variables: 
x
	Receiver's instance variables: 
		context: 	a PhLTemplatesPresenter
		basicName: 	'Create image'
		basicDescription: 	'Create a new image from the selected template'
		image: 	Image (Pharo 12.0 - 64bit (stable))


FullBlockClosure(BlockClosure)>>on:do:
	Receiver: [ ^ self createImage ]
	Arguments and temporary variables: 
		exception: 	PhLCorruptedTemplateError
		handlerAction: 	[ :error | 
			self application showError: error ]
	Receiver's instance variables: 
		outerContext: 	PhLCreateImageFromTemplateCommand>>execute
		startpc: 	a CompiledBlock: [ ^ self createImage ]
		numArgs: 	0
		receiver: 	a PhLCreateImageFromTemplateCommand


PhLCreateImageFromTemplateCommand>>execute
	Receiver: a PhLCreateImageFromTemplateCommand
	Arguments and temporary variables: 
x
	Receiver's instance variables: 
		context: 	a PhLTemplatesPresenter
		basicName: 	'Create image'
		basicDescription: 	'Create a new image from the selected template'
		image: 	Image (Pharo 12.0 - 64bit (stable))


SpCommand(CmCommandDecorator)>>execute
	Receiver: a SpCommand(Create image)
	Arguments and temporary variables: 
x
	Receiver's instance variables: 
		decoratedCommand: 	a PhLCreateImageFromTemplateCommand
		iconProvider: 	a ThemeIcons(idea11)
		iconName: 	#smallNewIcon
		shortcutKey: 	Meta + S
		displayStrategy: 	a CmUIDisableWhenCantBeRun
		positionStrategy: 	a CmUILeftPositionStrategy
		buildPresenterBlock: 	[ :specCommand | 
			aButtonClass new
				label: specComma...etc...
		presenter: 	a SpButtonPresenter


[ 
		createCommand execute.
		self close ] in PhLImageCreationPresenter>>createImageWithCommand:
	Receiver: a PhLImageCreationPresenter
	Arguments and temporary variables: 
		createCommand: 	a SpCommand(Create image)
	Receiver's instance variables: 
		dependents: 	a DependentsArray(a SpMorphicBoxAdapter a SpMorphicBoxAdapter a SpM...etc...
		announcer: 	an Announcer
		owner: 	a PhLTemplatesPresenter
		adapter: 	a SpMorphicBoxAdapter
		needRebuild: 	true
		eventHandler: 	nil
		application: 	nil
		focusOrder: 	nil
		contextKeyBindings: 	an ObservableValueHolder[ nil ]
		windowIcon: 	an ObservableValueHolder[ nil ]
		aboutText: 	an ObservableValueHolder[ nil ]
		askOkToClose: 	an ObservableValueHolder[ false ]
		titleHolder: 	an ObservableValueHolder[ 'Untitled window' ]
		additionalSubpresentersMap: 	a Dictionary()
		layout: 	an ObservableValueHolder[ a SpBoxLayout ]
		visible: 	an ObservableValueHolder[ true ]
		extent: 	an ObservableValueHolder[ nil ]
		styles: 	#()
		announcingObject: 	a NewValueHolder[ Image template (Pharo 12.0 - 64bit (stable)...etc...
		reservedImagesNamesCache: 	an OrderedCollection('pharo 13.0 - 64bit (development...etc...
		imageName: 	a SpTextInputFieldPresenter
		createButton: 	a SpButtonPresenter
		initScriptText: 	a SpTextPresenter
		initScript: 	a SpDropListPresenter
		editInitScriptButton: 	a SpButtonPresenter
		descriptionText: 	a SpTextPresenter
		imageNameCheck: 	a SpImagePresenter
		isNameValid: 	true


FullBlockClosure(BlockClosure)>>on:do:
	Receiver: [ 
		createCommand execute.
		self close ]
	Arguments and temporary variables: 
		exception: 	PhLNameNotAvailableError
		handlerAction: 	[ 
		self newInformation 
			message: 'An image with the same na...etc...
	Receiver's instance variables: 
		outerContext: 	PhLImageCreationPresenter>>createImageWithCommand:
		startpc: 	a CompiledBlock: [ 
		createCommand execute.
		self close ]
		numArgs: 	0
		receiver: 	a PhLImageCreationPresenter


PhLImageCreationPresenter>>createImageWithCommand:
	Receiver: a PhLImageCreationPresenter
	Arguments and temporary variables: 
		createCommand: 	a SpCommand(Create image)
	Receiver's instance variables: 
		dependents: 	a DependentsArray(a SpMorphicBoxAdapter a SpMorphicBoxAdapter a SpM...etc...
		announcer: 	an Announcer
		owner: 	a PhLTemplatesPresenter
		adapter: 	a SpMorphicBoxAdapter
		needRebuild: 	true
		eventHandler: 	nil
		application: 	nil
		focusOrder: 	nil
		contextKeyBindings: 	an ObservableValueHolder[ nil ]
		windowIcon: 	an ObservableValueHolder[ nil ]
		aboutText: 	an ObservableValueHolder[ nil ]
		askOkToClose: 	an ObservableValueHolder[ false ]
		titleHolder: 	an ObservableValueHolder[ 'Untitled window' ]
		additionalSubpresentersMap: 	a Dictionary()
		layout: 	an ObservableValueHolder[ a SpBoxLayout ]
		visible: 	an ObservableValueHolder[ true ]
		extent: 	an ObservableValueHolder[ nil ]
		styles: 	#()
		announcingObject: 	a NewValueHolder[ Image template (Pharo 12.0 - 64bit (stable)...etc...
		reservedImagesNamesCache: 	an OrderedCollection('pharo 13.0 - 64bit (development...etc...
		imageName: 	a SpTextInputFieldPresenter
		createButton: 	a SpButtonPresenter
		initScriptText: 	a SpTextPresenter
		initScript: 	a SpDropListPresenter
		editInitScriptButton: 	a SpButtonPresenter
		descriptionText: 	a SpTextPresenter
		imageNameCheck: 	a SpImagePresenter
		isNameValid: 	true


[ self createImageWithCommand: createCommand ] in PhLImageCreationPresenter>>initializePresenters
	Receiver: a PhLImageCreationPresenter
	Arguments and temporary variables: 
		createCommand: 	a SpCommand(Create image)
	Receiver's instance variables: 
		dependents: 	a DependentsArray(a SpMorphicBoxAdapter a SpMorphicBoxAdapter a SpM...etc...
		announcer: 	an Announcer
		owner: 	a PhLTemplatesPresenter
		adapter: 	a SpMorphicBoxAdapter
		needRebuild: 	true
		eventHandler: 	nil
		application: 	nil
		focusOrder: 	nil
		contextKeyBindings: 	an ObservableValueHolder[ nil ]
		windowIcon: 	an ObservableValueHolder[ nil ]
		aboutText: 	an ObservableValueHolder[ nil ]
		askOkToClose: 	an ObservableValueHolder[ false ]
		titleHolder: 	an ObservableValueHolder[ 'Untitled window' ]
		additionalSubpresentersMap: 	a Dictionary()
		layout: 	an ObservableValueHolder[ a SpBoxLayout ]
		visible: 	an ObservableValueHolder[ true ]
		extent: 	an ObservableValueHolder[ nil ]
		styles: 	#()
		announcingObject: 	a NewValueHolder[ Image template (Pharo 12.0 - 64bit (stable)...etc...
		reservedImagesNamesCache: 	an OrderedCollection('pharo 13.0 - 64bit (development...etc...
		imageName: 	a SpTextInputFieldPresenter
		createButton: 	a SpButtonPresenter
		initScriptText: 	a SpTextPresenter
		initScript: 	a SpDropListPresenter
		editInitScriptButton: 	a SpButtonPresenter
		descriptionText: 	a SpTextPresenter
		imageNameCheck: 	a SpImagePresenter
		isNameValid: 	true


SpButtonPresenter>>performAction
	Receiver: a SpButtonPresenter
	Arguments and temporary variables: 
x
	Receiver's instance variables: 
		dependents: 	a DependentsArray(a SpMorphicButtonAdapter)
		announcer: 	an Announcer
		owner: 	a PhLImageCreationPresenter
		adapter: 	a SpMorphicButtonAdapter
		needRebuild: 	true
		eventHandler: 	nil
		application: 	nil
		focusOrder: 	nil
		contextKeyBindings: 	an ObservableValueHolder[ nil ]
		windowIcon: 	an ObservableValueHolder[ nil ]
		aboutText: 	an ObservableValueHolder[ nil ]
		askOkToClose: 	an ObservableValueHolder[ false ]
		titleHolder: 	an ObservableValueHolder[ 'Button' ]
		additionalSubpresentersMap: 	nil
		layout: 	an ObservableValueHolder[ a SpAbstractWidgetLayout ]
		visible: 	an ObservableValueHolder[ true ]
		extent: 	an ObservableValueHolder[ nil ]
		styles: 	#()
		borderWidth: 	an ObservableValueHolder[ nil ]
		borderColor: 	an ObservableValueHolder[ nil ]
		dragEnabled: 	an ObservableValueHolder[ false ]
		dropEnabled: 	an ObservableValueHolder[ false ]
		color: 	an ObservableValueHolder[ nil ]
		help: 	an ObservableValueHolder[ 'Create a new image from the selected template'...etc...
		enabled: 	an ObservableValueHolder[ true ]
		wantsDrop: 	an ObservableValueHolder[ [ :transfer | self dropEnabled ] ]
		acceptDrop: 	an ObservableValueHolder[ [ :transfer | ] ]
		deferredActions: 	nil
		icon: 	an ObservableValueHolder[ Form(16x16x32) ]
		label: 	an ObservableValueHolder[ 'Create image' ]
		action: 	an ObservableValueHolder[ [ self createImageWithCommand: createCommand ...etc...
		actionPerformed: 	an ObservableValueHolder[ nil ]
		askBeforeChanging: 	an ObservableValueHolder[ false ]
		font: 	an ObservableValueHolder[ nil ]
		shortcut: 	an ObservableValueHolder[ nil ]
		state: 	an ObservableValueHolder[ false ]
		contextMenu: 	an ObservableValueHolder[ nil ]



--- The full stack ---
PhLCorruptedTemplateError(Object)>>subclassResponsibility
PhLCorruptedTemplateError(PhLError)>>longDescription
PharoLauncherApplication>>showError:
[ :error | 
			self application showError: error ] in PhLCreateImageFromTemplateCommand>>execute
FullBlockClosure(BlockClosure)>>cull:
Context>>evaluateSignal:
Context>>handleSignal:
PhLCorruptedTemplateError(Exception)>>signal
PhLCorruptedTemplateError class(Exception class)>>signal
[ :error | 
				error messageText = 'can''t find EOCD position'
					ifTrue: [ PhLCorruptedTemplateError signal ]
					ifFalse: [ error pass ] ] in PhLAbstractTemplate>>extractZipArchive:to:
FullBlockClosure(BlockClosure)>>cull:
Context>>evaluateSignal:
Context>>handleSignal:
ZipArchiveError(Exception)>>signal
ZipArchiveError(Exception)>>signal:
ZipArchiveError class(Exception class)>>signal:
ZipArchive>>readFrom:
[
				zip := ZipArchive new.
				zip readFrom: zipFile.
				bar max: zip numberOfMembers.
				zip extractAllTo: tempDirectory informing: bar.
			] in [ :bar | | zip |	
			"We have to go through a temporary directory because we don't know where 
			 the interesting files are in the archive (maybe at the root or maybe in 
			 a subdirectory)"
			tempDirectory := aDirectory / DateAndTime millisecondClockValue asString.
			"It will crash if directory already exists. And that's good :-)"
			tempDirectory createDirectory. 
			[
				zip := ZipArchive new.
				zip readFrom: zipFile.
				bar max: zip numberOfMembers.
				zip extractAllTo: tempDirectory informing: bar.
			]
			on: Error
			do: [ :error | 
				error messageText = 'can''t find EOCD position'
					ifTrue: [ PhLCorruptedTemplateError signal ]
					ifFalse: [ error pass ] ] ] in PhLRemoteTemplate(PhLAbstractTemplate)>>extractZipArchive:to:
FullBlockClosure(BlockClosure)>>on:do:
[ :bar | | zip |	
			"We have to go through a temporary directory because we don't know where 
			 the interesting files are in the archive (maybe at the root or maybe in 
			 a subdirectory)"
			tempDirectory := aDirectory / DateAndTime millisecondClockValue asString.
			"It will crash if directory already exists. And that's good :-)"
			tempDirectory createDirectory. 
			[
				zip := ZipArchive new.
				zip readFrom: zipFile.
				bar max: zip numberOfMembers.
				zip extractAllTo: tempDirectory informing: bar.
			]
			on: Error
			do: [ :error | 
				error messageText = 'can''t find EOCD position'
					ifTrue: [ PhLCorruptedTemplateError signal ]
					ifFalse: [ error pass ] ] ] in PhLRemoteTemplate(PhLAbstractTemplate)>>extractZipArchive:to:
FullBlockClosure(BlockClosure)>>cull:
[ 
		self prepareForRunning.
	 	^ block cull: self ] in SpJob>>run
FullBlockClosure(BlockClosure)>>ensure:
SpJob>>run
SpJobListPresenter>>pushJob:
PharoLauncherApplication>>pushProgress:with:
PhLRemoteTemplate(PhLAbstractTemplate)>>extractZipArchive:to:
PhLRemoteTemplate(PhLAbstractTemplate)>>extractTo:named:
PhLDirectoryBasedImageRepository>>extractTemplate:to:
PhLCreateImageFromTemplateCommand>>createImage
[ ^ self createImage ] in PhLCreateImageFromTemplateCommand>>execute
FullBlockClosure(BlockClosure)>>on:do:
PhLCreateImageFromTemplateCommand>>execute
SpCommand(CmCommandDecorator)>>execute
[ 
		createCommand execute.
		self close ] in PhLImageCreationPresenter>>createImageWithCommand:
FullBlockClosure(BlockClosure)>>on:do:
PhLImageCreationPresenter>>createImageWithCommand:
[ self createImageWithCommand: createCommand ] in PhLImageCreationPresenter>>initializePresenters
SpButtonPresenter>>performAction
 - - - - - - - - - - - - - - -  
			- - - - - - - - - - - - - - - - - -
SpMorphicButtonAdapter>>action
PluggableButtonMorph>>performAction:
[:m |
		(m containsPoint: evt cursorPoint) ifTrue: [m enabled ifTrue: [ m performAction: evt ]]] in PluggableButtonMorph>>mouseUp:
Array(SequenceableCollection)>>do:
PluggableButtonMorph>>mouseUp:
PluggableButtonMorph(Morph)>>handleMouseUp:
MouseButtonEvent>>sentTo:
PluggableButtonMorph(Morph)>>handleEvent:
PluggableButtonMorph(Morph)>>handleFocusEvent:
[
		result := focusHolder handleFocusEvent: transformedEvent.
	] in HandMorph>>sendFocusEvent:to:clear:
FullBlockClosure(BlockClosure)>>on:do:
WorldMorph>>becomeActiveDuring:
HandMorph>>sendFocusEvent:to:clear:
HandMorph>>sendEvent:focus:clear:
HandMorph>>sendMouseEvent:
HandMorph>>handleEvent:
[
		(morphicWorld activeHand isNotNil and: [ anEvent hand isNotNil ]) ifTrue: [
			morphicWorld activeHand handleEvent: anEvent
		]
	] in OSWindowMorphicEventHandler>>dispatchMorphicEvent:
WorldState>>runStepMethodsIn:
WorldMorph>>runStepMethods
WorldState>>doOneCycleFor:
WorldMorph>>doOneCycleNow
WorldMorph>>doOneCycle
[ 
		| extraWorldsToDraw |
		extraWorldsToDraw := ExtraWorldListMutex critical: [ 
			                     self extraWorldList ].
		extraWorldsToDraw do: [ :world | world doOneCycle ].

		(self currentWorld isNotNil and: [ 
			 (extraWorldsToDraw includes: self currentWorld) not ]) ifTrue: [ 
			self currentWorld doOneCycle ] ] in WorldMorph class>>doOneCycle
FullBlockClosure(BlockClosure)>>ensure:
WorldState class>>doDrawCycleWith:
WorldMorph class>>doOneCycle
MorphicRenderLoop>>doOneCycle
MorphicRenderLoop>>doOneCycleWhile:
[
		MorphicRenderLoop new doOneCycleWhile: [ true ]
	] in MorphicUIManager>>spawnNewProcess
[self value.
			"IMPORTANT: Do not step over next line of code. See method comments for details"
			Processor terminateRealActive] in FullBlockClosure(BlockClosure)>>newProcess
-------------------------------------------------------------------------------

THERE_BE_DRAGONS_HERE
Error: command bash -c 'unzip -o -d "/home/tato/Pharo/vms/120-x64" "/home/tato/Pharo/vms/120-x64.zip"' failed
29 June 2024 12:58:19.307136 pm

VM: unix - x86_64 - linux-gnu - CoInterpreter * VMMaker-tonel.1 uuid: ad0a8882-d297-0d00-90d3-62ff092bce84 Mar 30 2022
StackToRegisterMappingCogit * VMMaker-tonel.1 uuid: ad0a8882-d297-0d00-90d3-62ff092bce84 Mar 30 2022
v9.0.14 - Commit: 93600e1 - Date: 2022-03-30 16:40:05 +0200

Image: Pharo10.0.0 [Build information: Pharo-10.0.0+build.514.sha.06180671d95a16c446fe24e3fedb0916c1bcb31a (64 Bit)]

PhLProcessWrapper(Object)>>error:
	Receiver: a PhLProcessWrapper
	Arguments and temporary variables: 
		aString: 	'command bash -c ''unzip -o -d "/home/tato/Pharo/vms/120-x64" "/home/t...etc...
	Receiver's instance variables: 
		process: 	OSSUnixSubprocess(Command: /bin/bash; Pid: 7864; Status: normal termin...etc...
		arguments: 	an OrderedCollection('unzip' '-o' '-d' '"/home/tato/Pharo/vms/120-x6...etc...
		command: 	nil
		workingDirectory: 	nil
		isShellCommand: 	true
		useLoginShell: 	false


PhLProcessWrapper>>runAndWait
	Receiver: a PhLProcessWrapper
	Arguments and temporary variables: 
x
	Receiver's instance variables: 
		process: 	OSSUnixSubprocess(Command: /bin/bash; Pid: 7864; Status: normal termin...etc...
		arguments: 	an OrderedCollection('unzip' '-o' '-d' '"/home/tato/Pharo/vms/120-x6...etc...
		command: 	nil
		workingDirectory: 	nil
		isShellCommand: 	true
		useLoginShell: 	false


PhLVirtualMachineManager class>>systemUnzip:to:
	Receiver: PhLVirtualMachineManager
	Arguments and temporary variables: 
		aZipFileReference: 	{launcherUserFilesLocation}/vms/120-x64.zip
		outputDirectory: 	{launcherUserFilesLocation}//home/tato/Pharo/vms/120-x64
	Receiver's instance variables: 
		superclass: 	Object
		methodDict: 	a MethodDictionary(#availableVirtualMachines->PhLVirtualMachineMana...etc...
		format: 	65539
		layout: 	a FixedLayout
		organization: 	a ClassOrganization
		subclasses: 	{PhLTestVirtualMachineManager}
		name: 	#PhLVirtualMachineManager
		classPool: 	a Dictionary()
		sharedPools: 	an OrderedCollection()
		environment: 	a SystemDictionary(lots of globals)
		category: 	#'PharoLauncher-Core-Download'
		vmStore: 	{launcherUserFilesLocation}/vms


PhLVirtualMachineManager class>>unzip:to:
	Receiver: PhLVirtualMachineManager
	Arguments and temporary variables: 
		aZipFileReference: 	{launcherUserFilesLocation}/vms/120-x64.zip
		outputDirectory: 	{launcherUserFilesLocation}//home/tato/Pharo/vms/120-x64
	Receiver's instance variables: 
		superclass: 	Object
		methodDict: 	a MethodDictionary(#availableVirtualMachines->PhLVirtualMachineMana...etc...
		format: 	65539
		layout: 	a FixedLayout
		organization: 	a ClassOrganization
		subclasses: 	{PhLTestVirtualMachineManager}
		name: 	#PhLVirtualMachineManager
		classPool: 	a Dictionary()
		sharedPools: 	an OrderedCollection()
		environment: 	a SystemDictionary(lots of globals)
		category: 	#'PharoLauncher-Core-Download'
		vmStore: 	{launcherUserFilesLocation}/vms


PhLVirtualMachineManager class>>fetch:to:
	Receiver: PhLVirtualMachineManager
	Arguments and temporary variables: 
		aVmUrl: 	'https://files.pharo.org/get-files/120/pharo-vm-Linux-x86_64-stable.zip...etc...
		targetFile: 	{launcherUserFilesLocation}/vms/120-x64.zip
	Receiver's instance variables: 
		superclass: 	Object
		methodDict: 	a MethodDictionary(#availableVirtualMachines->PhLVirtualMachineMana...etc...
		format: 	65539
		layout: 	a FixedLayout
		organization: 	a ClassOrganization
		subclasses: 	{PhLTestVirtualMachineManager}
		name: 	#PhLVirtualMachineManager
		classPool: 	a Dictionary()
		sharedPools: 	an OrderedCollection()
		environment: 	a SystemDictionary(lots of globals)
		category: 	#'PharoLauncher-Core-Download'
		vmStore: 	{launcherUserFilesLocation}/vms


PhLVirtualMachine>>updateFromUrl
	Receiver: a PhLVirtualMachine(120-x64)
	Arguments and temporary variables: 
x
	Receiver's instance variables: 
		executableRef: 	nil
		vmBinaryRef: 	nil
		name: 	nil
		manager: 	a PhLVirtualMachineManager
		flavour: 	''
		id: 	'120-x64'
		blessing: 	'stable'
		arch: 	'64'


PhLVirtualMachine>>isValidAfterUpdate
	Receiver: a PhLVirtualMachine(120-x64)
	Arguments and temporary variables: 
x
	Receiver's instance variables: 
		executableRef: 	nil
		vmBinaryRef: 	nil
		name: 	nil
		manager: 	a PhLVirtualMachineManager
		flavour: 	''
		id: 	'120-x64'
		blessing: 	'stable'
		arch: 	'64'


PhLLaunchConfiguration>>launchProcess
	Receiver: PhLLaunchConfiguration(Default)
	Arguments and temporary variables: 
x
	Receiver's instance variables: 
		image: 	Image (Pharo 12.0 - 64bit (stable))
		name: 	'Default'
		imageArguments: 	an OrderedCollection()
		usePharoSettings: 	true
		vm: 	a PhLVirtualMachine(120-x64)
		vmArguments: 	nil


[ | processWrapper|
		processWrapper := (aPhLLaunchConfiguration launchProcess) runUnwatch.
		self doNotRunInitializationScript. "Just run, image already initialized"
		^ processWrapper ] in [ [ | processWrapper|
		processWrapper := (aPhLLaunchConfiguration launchProcess) runUnwatch.
		self doNotRunInitializationScript. "Just run, image already initialized"
		^ processWrapper ]
	on: PhLImageVersionDeterminationError
	do: [ :error | error uiAlert ] ] in PhLImage>>launchWithConfiguration:
	Receiver: Image (Pharo 12.0 - 64bit (stable))
	Arguments and temporary variables: 
		architectureWarningEnabled: 	true
		continue: 	true
		aPhLLaunchConfiguration: 	PhLLaunchConfiguration(Default)
		processWrapper: 	nil
	Receiver's instance variables: 
		file: 	{launcherUserFilesLocation}/images/Pharo 12.0 - 64bit (stable)/Pharo 12.0...etc...
		description: 	nil
		formatNumber: 	68021
		architecture: 	'64'
		pharoVersion: 	'120'
		originTemplate: 	Image template (Pharo 12.0 - 64bit (stable))
		vmManager: 	a PhLVirtualMachineManager
		launchConfigurations: 	an OrderedCollection(PhLLaunchConfiguration(Default))
		initializationScript: 	nil
		shouldRunInitializationScript: 	true


FullBlockClosure(BlockClosure)>>on:do:
	Receiver: [ | processWrapper|
		processWrapper := (aPhLLaunchConfiguration launchProcess) runUnwatch...etc...
	Arguments and temporary variables: 
		exception: 	PhLImageVersionDeterminationError
		handlerAction: 	[ :error | error uiAlert ]
	Receiver's instance variables: 
		outerContext: 	[ [ | processWrapper|
		processWrapper := (aPhLLaunchConfiguratio...etc...
		startpc: 	a CompiledBlock: [ | processWrapper|
		processWrapper := (aPhLLaunchCo...etc...
		numArgs: 	0
		receiver: 	Image (Pharo 12.0 - 64bit (stable))


[ [ | processWrapper|
		processWrapper := (aPhLLaunchConfiguration launchProcess) runUnwatch.
		self doNotRunInitializationScript. "Just run, image already initialized"
		^ processWrapper ]
	on: PhLImageVersionDeterminationError
	do: [ :error | error uiAlert ] ] in PhLImage>>launchWithConfiguration:
	Receiver: Image (Pharo 12.0 - 64bit (stable))
	Arguments and temporary variables: 
		architectureWarningEnabled: 	true
		continue: 	true
		aPhLLaunchConfiguration: 	PhLLaunchConfiguration(Default)
	Receiver's instance variables: 
		file: 	{launcherUserFilesLocation}/images/Pharo 12.0 - 64bit (stable)/Pharo 12.0...etc...
		description: 	nil
		formatNumber: 	68021
		architecture: 	'64'
		pharoVersion: 	'120'
		originTemplate: 	Image template (Pharo 12.0 - 64bit (stable))
		vmManager: 	a PhLVirtualMachineManager
		launchConfigurations: 	an OrderedCollection(PhLLaunchConfiguration(Default))
		initializationScript: 	nil
		shouldRunInitializationScript: 	true


FullBlockClosure(BlockClosure)>>on:do:
	Receiver: [ [ | processWrapper|
		processWrapper := (aPhLLaunchConfiguration launchProcess) runUnwat...etc...
	Arguments and temporary variables: 
		exception: 	PhLArchitectureMismatchWarning
		handlerAction: 	[ :warning |
		architectureWarningEnabled ifTrue: [ 	
			archite...etc...
	Receiver's instance variables: 
		outerContext: 	PhLImage>>launchWithConfiguration:
		startpc: 	a CompiledBlock: [ [ | processWrapper|
		processWrapper := (aPhLLaunch...etc...
		numArgs: 	0
		receiver: 	Image (Pharo 12.0 - 64bit (stable))


PhLImage>>launchWithConfiguration:
	Receiver: Image (Pharo 12.0 - 64bit (stable))
	Arguments and temporary variables: 
		architectureWarningEnabled: 	true
		continue: 	true
		aPhLLaunchConfiguration: 	PhLLaunchConfiguration(Default)
	Receiver's instance variables: 
		file: 	{launcherUserFilesLocation}/images/Pharo 12.0 - 64bit (stable)/Pharo 12.0...etc...
		description: 	nil
		formatNumber: 	68021
		architecture: 	'64'
		pharoVersion: 	'120'
		originTemplate: 	Image template (Pharo 12.0 - 64bit (stable))
		vmManager: 	a PhLVirtualMachineManager
		launchConfigurations: 	an OrderedCollection(PhLLaunchConfiguration(Default))
		initializationScript: 	nil
		shouldRunInitializationScript: 	true


[ 
		launchConfig := self launchConfigurationOfImage: aPhLImage.
		launchConfig useSettings: useSettings.
		process := aPhLImage launchWithConfiguration: launchConfig ] in PhLLaunchImageCommand>>launchImage:
	Receiver: a PhLLaunchImageCommand
	Arguments and temporary variables: 
		aPhLImage: 	Image (Pharo 12.0 - 64bit (stable))
		process: 	nil
		launchConfig: 	PhLLaunchConfiguration(Default)
	Receiver's instance variables: 
		context: 	a PhLImagesPresenter
		basicName: 	'Launch'
		basicDescription: 	'Launch the selected image with the appropriate virtual machi...etc...
		useSettings: 	true


FullBlockClosure(BlockClosure)>>on:do:
	Receiver: [ 
		launchConfig := self launchConfigurationOfImage: aPhLImage.
		launchConfig useSetting...etc...
	Arguments and temporary variables: 
		exception: 	PhLError
		handlerAction: 	[ :error | error uiAlert. ^ process ]
	Receiver's instance variables: 
		outerContext: 	PhLLaunchImageCommand>>launchImage:
		startpc: 	a CompiledBlock: [ 
		launchConfig := self launchConfigurationOfImage:...etc...
		numArgs: 	0
		receiver: 	a PhLLaunchImageCommand


PhLLaunchImageCommand>>launchImage:
	Receiver: a PhLLaunchImageCommand
	Arguments and temporary variables: 
		process: 	nil
		launchConfig: 	PhLLaunchConfiguration(Default)
		aPhLImage: 	Image (Pharo 12.0 - 64bit (stable))
	Receiver's instance variables: 
		context: 	a PhLImagesPresenter
		basicName: 	'Launch'
		basicDescription: 	'Launch the selected image with the appropriate virtual machi...etc...
		useSettings: 	true


PhLLaunchImageCommand>>launchSelectedImage
	Receiver: a PhLLaunchImageCommand
	Arguments and temporary variables: 
x
	Receiver's instance variables: 
		context: 	a PhLImagesPresenter
		basicName: 	'Launch'
		basicDescription: 	'Launch the selected image with the appropriate virtual machi...etc...
		useSettings: 	true


PhLLaunchImageCommand>>execute
	Receiver: a PhLLaunchImageCommand
	Arguments and temporary variables: 
x
	Receiver's instance variables: 
		context: 	a PhLImagesPresenter
		basicName: 	'Launch'
		basicDescription: 	'Launch the selected image with the appropriate virtual machi...etc...
		useSettings: 	true


PhLImagesPresenter>>actionLaunch
	Receiver: a PhLImagesPresenter
	Arguments and temporary variables: 
		cmd: 	a PhLLaunchImageCommand
	Receiver's instance variables: 
		dependents: 	a DependentsArray(a SpMorphicBoxAdapter a SpMorphicPanedAdapter)
		announcer: 	an Announcer
		owner: 	a SpWorldPresenter
		adapter: 	a SpMorphicBoxAdapter
		needRebuild: 	true
		eventHandler: 	nil
		application: 	a PharoLauncherApplication
		focusOrder: 	nil
		contextKeyBindings: 	an ObservableValueHolder[ nil ]
		windowIcon: 	an ObservableValueHolder[ nil ]
		aboutText: 	an ObservableValueHolder[ nil ]
		askOkToClose: 	an ObservableValueHolder[ false ]
		titleHolder: 	an ObservableValueHolder[ 'Untitled window' ]
		additionalSubpresentersMap: 	nil
		layout: 	an ObservableValueHolder[ a SpBoxLayout ]
		visible: 	an ObservableValueHolder[ true ]
		extent: 	an ObservableValueHolder[ nil ]
		styles: 	#()
		announcingObject: 	a NewValueHolder[ a PhLDirectoryBasedImageRepository ]
		imageTable: 	a SpTablePresenter
		descriptionPanel: 	a PhLImageDetailPresenter
		launchConfigurationList: 	a SpDropListPresenter
		imageFilter: 	a SpTextInputFieldPresenter
		rootCommandsGroup: 	a SpCommandGroup
		toolbar: 	a SpPresenter


[ self actionLaunch ] in PhLImagesPresenter>>buildImageTable
	Receiver: a PhLImagesPresenter
	Arguments and temporary variables: 
x
	Receiver's instance variables: 
		dependents: 	a DependentsArray(a SpMorphicBoxAdapter a SpMorphicPanedAdapter)
		announcer: 	an Announcer
		owner: 	a SpWorldPresenter
		adapter: 	a SpMorphicBoxAdapter
		needRebuild: 	true
		eventHandler: 	nil
		application: 	a PharoLauncherApplication
		focusOrder: 	nil
		contextKeyBindings: 	an ObservableValueHolder[ nil ]
		windowIcon: 	an ObservableValueHolder[ nil ]
		aboutText: 	an ObservableValueHolder[ nil ]
		askOkToClose: 	an ObservableValueHolder[ false ]
		titleHolder: 	an ObservableValueHolder[ 'Untitled window' ]
		additionalSubpresentersMap: 	nil
		layout: 	an ObservableValueHolder[ a SpBoxLayout ]
		visible: 	an ObservableValueHolder[ true ]
		extent: 	an ObservableValueHolder[ nil ]
		styles: 	#()
		announcingObject: 	a NewValueHolder[ a PhLDirectoryBasedImageRepository ]
		imageTable: 	a SpTablePresenter
		descriptionPanel: 	a PhLImageDetailPresenter
		launchConfigurationList: 	a SpDropListPresenter
		imageFilter: 	a SpTextInputFieldPresenter
		rootCommandsGroup: 	a SpCommandGroup
		toolbar: 	a SpPresenter


FullBlockClosure(BlockClosure)>>cull:
	Receiver: [ self actionLaunch ]
	Arguments and temporary variables: 
		anArg: 	a SpSingleSelectionMode
	Receiver's instance variables: 
		outerContext: 	PhLImagesPresenter>>buildImageTable
		startpc: 	a CompiledBlock: [ self actionLaunch ]
		numArgs: 	0
		receiver: 	a PhLImagesPresenter


SpTablePresenter(SpAbstractListPresenter)>>doActivateAtIndex:
	Receiver: a SpTablePresenter
	Arguments and temporary variables: 
		anIndex: 	1
	Receiver's instance variables: 
		dependents: 	a DependentsArray(a SpMorphicTableAdapter)
		announcer: 	an Announcer
		owner: 	a PhLImagesPresenter
		adapter: 	a SpMorphicTableAdapter
		needRebuild: 	true
		eventHandler: 	nil
		application: 	nil
		focusOrder: 	nil
		contextKeyBindings: 	an ObservableValueHolder[ a KMCategory ]
		windowIcon: 	an ObservableValueHolder[ nil ]
		aboutText: 	an ObservableValueHolder[ nil ]
		askOkToClose: 	an ObservableValueHolder[ false ]
		titleHolder: 	an ObservableValueHolder[ 'Untitled window' ]
		additionalSubpresentersMap: 	nil
		layout: 	an ObservableValueHolder[ a SpAbstractWidgetLayout ]
		visible: 	an ObservableValueHolder[ true ]
		extent: 	an ObservableValueHolder[ nil ]
		styles: 	#()
		borderWidth: 	an ObservableValueHolder[ nil ]
		borderColor: 	an ObservableValueHolder[ nil ]
		dragEnabled: 	an ObservableValueHolder[ false ]
		dropEnabled: 	an ObservableValueHolder[ false ]
		color: 	an ObservableValueHolder[ nil ]
		help: 	an ObservableValueHolder[ nil ]
		enabled: 	an ObservableValueHolder[ true ]
		wantsDrop: 	an ObservableValueHolder[ [ :transfer | self dropEnabled ] ]
		acceptDrop: 	an ObservableValueHolder[ [ :transfer | ] ]
		deferredActions: 	nil
		selectionMode: 	a SpMultipleSelectionMode
		activationBlock: 	[ self actionLaunch ]
		activateOnSingleClick: 	false
		model: 	a SpCollectionListModel
		itemFilter: 	an ObservableValueHolder[ nil ]
		verticalAlignment: 	a SpVerticalAlignment
		wrapScrollBars: 	true
		propagateNaturalHeight: 	false
		propagateNaturalWidth: 	false
		scrollBarStyles: 	#()
		contextMenu: 	an ObservableValueHolder[ [ aValuable value beRoot asMenuPresenter...etc...
		columns: 	an ObservableValueHolder[ an Array(a SpStringTableColumn a SpStringTab...etc...
		showColumnHeaders: 	an ObservableValueHolder[ true ]
		isResizable: 	an ObservableValueHolder[ true ]
		searchEnabled: 	an ObservableValueHolder[ true ]
		searchBlock: 	[ :item :pattern | 
		self performDefaultSearch: item matching: pa...etc...


SpTablePresenter(SpAbstractListPresenter)>>doubleClickAtIndex:
	Receiver: a SpTablePresenter
	Arguments and temporary variables: 
		anIndex: 	1
	Receiver's instance variables: 
		dependents: 	a DependentsArray(a SpMorphicTableAdapter)
		announcer: 	an Announcer
		owner: 	a PhLImagesPresenter
		adapter: 	a SpMorphicTableAdapter
		needRebuild: 	true
		eventHandler: 	nil
		application: 	nil
		focusOrder: 	nil
		contextKeyBindings: 	an ObservableValueHolder[ a KMCategory ]
		windowIcon: 	an ObservableValueHolder[ nil ]
		aboutText: 	an ObservableValueHolder[ nil ]
		askOkToClose: 	an ObservableValueHolder[ false ]
		titleHolder: 	an ObservableValueHolder[ 'Untitled window' ]
		additionalSubpresentersMap: 	nil
		layout: 	an ObservableValueHolder[ a SpAbstractWidgetLayout ]
		visible: 	an ObservableValueHolder[ true ]
		extent: 	an ObservableValueHolder[ nil ]
		styles: 	#()
		borderWidth: 	an ObservableValueHolder[ nil ]
		borderColor: 	an ObservableValueHolder[ nil ]
		dragEnabled: 	an ObservableValueHolder[ false ]
		dropEnabled: 	an ObservableValueHolder[ false ]
		color: 	an ObservableValueHolder[ nil ]
		help: 	an ObservableValueHolder[ nil ]
		enabled: 	an ObservableValueHolder[ true ]
		wantsDrop: 	an ObservableValueHolder[ [ :transfer | self dropEnabled ] ]
		acceptDrop: 	an ObservableValueHolder[ [ :transfer | ] ]
		deferredActions: 	nil
		selectionMode: 	a SpMultipleSelectionMode
		activationBlock: 	[ self actionLaunch ]
		activateOnSingleClick: 	false
		model: 	a SpCollectionListModel
		itemFilter: 	an ObservableValueHolder[ nil ]
		verticalAlignment: 	a SpVerticalAlignment
		wrapScrollBars: 	true
		propagateNaturalHeight: 	false
		propagateNaturalWidth: 	false
		scrollBarStyles: 	#()
		contextMenu: 	an ObservableValueHolder[ [ aValuable value beRoot asMenuPresenter...etc...
		columns: 	an ObservableValueHolder[ an Array(a SpStringTableColumn a SpStringTab...etc...
		showColumnHeaders: 	an ObservableValueHolder[ true ]
		isResizable: 	an ObservableValueHolder[ true ]
		searchEnabled: 	an ObservableValueHolder[ true ]
		searchBlock: 	[ :item :pattern | 
		self performDefaultSearch: item matching: pa...etc...


SpMorphicTableAdapter>>strongSelectionChanged:
	Receiver: a SpMorphicTableAdapter
	Arguments and temporary variables: 
		aFTStrongSelectionChanged: 	a FTStrongSelectionChanged
	Receiver's instance variables: 
		dependents: 	nil
		announcer: 	nil
		model: 	a SpTablePresenter
		widget: 	a SpFTTableMorph(276131840)
		selector: 	nil
		owner: 	a SpTablePresenter
		unsubscribed: 	false


MessageSend>>value:
	Receiver: MessageSend(#strongSelectionChanged: -> a SpMorphicTableAdapter)
	Arguments and temporary variables: 
		anObject: 	a FTStrongSelectionChanged
	Receiver's instance variables: 
		receiver: 	a SpMorphicTableAdapter
		selector: 	#strongSelectionChanged:
		arguments: 	#()


MessageSend>>cull:
	Receiver: MessageSend(#strongSelectionChanged: -> a SpMorphicTableAdapter)
	Arguments and temporary variables: 
		arg: 	a FTStrongSelectionChanged
	Receiver's instance variables: 
		receiver: 	a SpMorphicTableAdapter
		selector: 	#strongSelectionChanged:
		arguments: 	#()


MessageSend>>cull:cull:
	Receiver: MessageSend(#strongSelectionChanged: -> a SpMorphicTableAdapter)
	Arguments and temporary variables: 
		arg1: 	a FTStrongSelectionChanged
		arg2: 	an Announcer
	Receiver's instance variables: 
		receiver: 	a SpMorphicTableAdapter
		selector: 	#strongSelectionChanged:
		arguments: 	#()


[action cull: anAnnouncement cull: announcer] in AnnouncementSubscription>>deliver:
	Receiver: an AnnouncementSubscription
	Arguments and temporary variables: 
		anAnnouncement: 	a FTStrongSelectionChanged
	Receiver's instance variables: 
		announcer: 	an Announcer
		announcementClass: 	FTStrongSelectionChanged
		subscriber: 	a SpMorphicTableAdapter
		action: 	MessageSend(#strongSelectionChanged: -> a SpMorphicTableAdapter)


FullBlockClosure(BlockClosure)>>on:do:
	Receiver: [action cull: anAnnouncement cull: announcer]
	Arguments and temporary variables: 
		exception: 	UnhandledError
		handlerAction: 	[ :ex | 
			  | onDoCtx handler bottom thisCtx |
			  onDoCtx :=...etc...
	Receiver's instance variables: 
		outerContext: 	AnnouncementSubscription>>deliver:
		startpc: 	a CompiledBlock: [action cull: anAnnouncement cull: announcer]
		numArgs: 	0
		receiver: 	an AnnouncementSubscription


[ Processor terminateRealActive ] in BlockClosure>>on:fork:
	Receiver: [action cull: anAnnouncement cull: announcer]
	Arguments and temporary variables: 
		exception: 	UnhandledError
		handlerAction: 	nil
		ex: 	UnhandledError
		onDoCtx: 	nil
		handler: 	nil
		bottom: 	nil
		thisCtx: 	nil
	Receiver's instance variables: 
		outerContext: 	AnnouncementSubscription>>deliver:
		startpc: 	a CompiledBlock: [action cull: anAnnouncement cull: announcer]
		numArgs: 	0
		receiver: 	an AnnouncementSubscription



--- The full stack ---
PhLProcessWrapper(Object)>>error:
PhLProcessWrapper>>runAndWait
PhLVirtualMachineManager class>>systemUnzip:to:
PhLVirtualMachineManager class>>unzip:to:
PhLVirtualMachineManager class>>fetch:to:
PhLVirtualMachine>>updateFromUrl
PhLVirtualMachine>>isValidAfterUpdate
PhLLaunchConfiguration>>launchProcess
[ | processWrapper|
		processWrapper := (aPhLLaunchConfiguration launchProcess) runUnwatch.
		self doNotRunInitializationScript. "Just run, image already initialized"
		^ processWrapper ] in [ [ | processWrapper|
		processWrapper := (aPhLLaunchConfiguration launchProcess) runUnwatch.
		self doNotRunInitializationScript. "Just run, image already initialized"
		^ processWrapper ]
	on: PhLImageVersionDeterminationError
	do: [ :error | error uiAlert ] ] in PhLImage>>launchWithConfiguration:
FullBlockClosure(BlockClosure)>>on:do:
[ [ | processWrapper|
		processWrapper := (aPhLLaunchConfiguration launchProcess) runUnwatch.
		self doNotRunInitializationScript. "Just run, image already initialized"
		^ processWrapper ]
	on: PhLImageVersionDeterminationError
	do: [ :error | error uiAlert ] ] in PhLImage>>launchWithConfiguration:
FullBlockClosure(BlockClosure)>>on:do:
PhLImage>>launchWithConfiguration:
[ 
		launchConfig := self launchConfigurationOfImage: aPhLImage.
		launchConfig useSettings: useSettings.
		process := aPhLImage launchWithConfiguration: launchConfig ] in PhLLaunchImageCommand>>launchImage:
FullBlockClosure(BlockClosure)>>on:do:
PhLLaunchImageCommand>>launchImage:
PhLLaunchImageCommand>>launchSelectedImage
PhLLaunchImageCommand>>execute
PhLImagesPresenter>>actionLaunch
[ self actionLaunch ] in PhLImagesPresenter>>buildImageTable
FullBlockClosure(BlockClosure)>>cull:
SpTablePresenter(SpAbstractListPresenter)>>doActivateAtIndex:
SpTablePresenter(SpAbstractListPresenter)>>doubleClickAtIndex:
SpMorphicTableAdapter>>strongSelectionChanged:
MessageSend>>value:
MessageSend>>cull:
MessageSend>>cull:cull:
[action cull: anAnnouncement cull: announcer] in AnnouncementSubscription>>deliver:
FullBlockClosure(BlockClosure)>>on:do:
[ Processor terminateRealActive ] in BlockClosure>>on:fork:
-------------------------------------------------------------------------------

THERE_BE_DRAGONS_HERE
Error: command bash -c 'unzip -o -d "/home/tato/Pharo/vms/120-x64" "/home/tato/Pharo/vms/120-x64.zip"' failed
29 June 2024 12:58:19.354269 pm

VM: unix - x86_64 - linux-gnu - CoInterpreter * VMMaker-tonel.1 uuid: ad0a8882-d297-0d00-90d3-62ff092bce84 Mar 30 2022
StackToRegisterMappingCogit * VMMaker-tonel.1 uuid: ad0a8882-d297-0d00-90d3-62ff092bce84 Mar 30 2022
v9.0.14 - Commit: 93600e1 - Date: 2022-03-30 16:40:05 +0200

Image: Pharo10.0.0 [Build information: Pharo-10.0.0+build.514.sha.06180671d95a16c446fe24e3fedb0916c1bcb31a (64 Bit)]

PhLProcessWrapper(Object)>>error:
	Receiver: a PhLProcessWrapper
	Arguments and temporary variables: 
		aString: 	'command bash -c ''unzip -o -d "/home/tato/Pharo/vms/120-x64" "/home/t...etc...
	Receiver's instance variables: 
		process: 	OSSUnixSubprocess(Command: /bin/bash; Pid: 7864; Status: normal termin...etc...
		arguments: 	an OrderedCollection('unzip' '-o' '-d' '"/home/tato/Pharo/vms/120-x6...etc...
		command: 	nil
		workingDirectory: 	nil
		isShellCommand: 	true
		useLoginShell: 	false


PhLProcessWrapper>>runAndWait
	Receiver: a PhLProcessWrapper
	Arguments and temporary variables: 
x
	Receiver's instance variables: 
		process: 	OSSUnixSubprocess(Command: /bin/bash; Pid: 7864; Status: normal termin...etc...
		arguments: 	an OrderedCollection('unzip' '-o' '-d' '"/home/tato/Pharo/vms/120-x6...etc...
		command: 	nil
		workingDirectory: 	nil
		isShellCommand: 	true
		useLoginShell: 	false


PhLVirtualMachineManager class>>systemUnzip:to:
	Receiver: PhLVirtualMachineManager
	Arguments and temporary variables: 
		aZipFileReference: 	{launcherUserFilesLocation}/vms/120-x64.zip
		outputDirectory: 	{launcherUserFilesLocation}//home/tato/Pharo/vms/120-x64
	Receiver's instance variables: 
		superclass: 	Object
		methodDict: 	a MethodDictionary(#availableVirtualMachines->PhLVirtualMachineMana...etc...
		format: 	65539
		layout: 	a FixedLayout
		organization: 	a ClassOrganization
		subclasses: 	{PhLTestVirtualMachineManager}
		name: 	#PhLVirtualMachineManager
		classPool: 	a Dictionary()
		sharedPools: 	an OrderedCollection()
		environment: 	a SystemDictionary(lots of globals)
		category: 	#'PharoLauncher-Core-Download'
		vmStore: 	{launcherUserFilesLocation}/vms


PhLVirtualMachineManager class>>unzip:to:
	Receiver: PhLVirtualMachineManager
	Arguments and temporary variables: 
		aZipFileReference: 	{launcherUserFilesLocation}/vms/120-x64.zip
		outputDirectory: 	{launcherUserFilesLocation}//home/tato/Pharo/vms/120-x64
	Receiver's instance variables: 
		superclass: 	Object
		methodDict: 	a MethodDictionary(#availableVirtualMachines->PhLVirtualMachineMana...etc...
		format: 	65539
		layout: 	a FixedLayout
		organization: 	a ClassOrganization
		subclasses: 	{PhLTestVirtualMachineManager}
		name: 	#PhLVirtualMachineManager
		classPool: 	a Dictionary()
		sharedPools: 	an OrderedCollection()
		environment: 	a SystemDictionary(lots of globals)
		category: 	#'PharoLauncher-Core-Download'
		vmStore: 	{launcherUserFilesLocation}/vms


PhLVirtualMachineManager class>>fetch:to:
	Receiver: PhLVirtualMachineManager
	Arguments and temporary variables: 
		aVmUrl: 	'https://files.pharo.org/get-files/120/pharo-vm-Linux-x86_64-stable.zip...etc...
		targetFile: 	{launcherUserFilesLocation}/vms/120-x64.zip
	Receiver's instance variables: 
		superclass: 	Object
		methodDict: 	a MethodDictionary(#availableVirtualMachines->PhLVirtualMachineMana...etc...
		format: 	65539
		layout: 	a FixedLayout
		organization: 	a ClassOrganization
		subclasses: 	{PhLTestVirtualMachineManager}
		name: 	#PhLVirtualMachineManager
		classPool: 	a Dictionary()
		sharedPools: 	an OrderedCollection()
		environment: 	a SystemDictionary(lots of globals)
		category: 	#'PharoLauncher-Core-Download'
		vmStore: 	{launcherUserFilesLocation}/vms


PhLVirtualMachine>>updateFromUrl
	Receiver: a PhLVirtualMachine(120-x64)
	Arguments and temporary variables: 
x
	Receiver's instance variables: 
		executableRef: 	nil
		vmBinaryRef: 	nil
		name: 	nil
		manager: 	a PhLVirtualMachineManager
		flavour: 	''
		id: 	'120-x64'
		blessing: 	'stable'
		arch: 	'64'


PhLVirtualMachine>>isValidAfterUpdate
	Receiver: a PhLVirtualMachine(120-x64)
	Arguments and temporary variables: 
x
	Receiver's instance variables: 
		executableRef: 	nil
		vmBinaryRef: 	nil
		name: 	nil
		manager: 	a PhLVirtualMachineManager
		flavour: 	''
		id: 	'120-x64'
		blessing: 	'stable'
		arch: 	'64'


PhLLaunchConfiguration>>launchProcess
	Receiver: PhLLaunchConfiguration(Default)
	Arguments and temporary variables: 
x
	Receiver's instance variables: 
		image: 	Image (Pharo 12.0 - 64bit (stable))
		name: 	'Default'
		imageArguments: 	an OrderedCollection()
		usePharoSettings: 	true
		vm: 	a PhLVirtualMachine(120-x64)
		vmArguments: 	nil


[ | processWrapper|
		processWrapper := (aPhLLaunchConfiguration launchProcess) runUnwatch.
		self doNotRunInitializationScript. "Just run, image already initialized"
		^ processWrapper ] in [ [ | processWrapper|
		processWrapper := (aPhLLaunchConfiguration launchProcess) runUnwatch.
		self doNotRunInitializationScript. "Just run, image already initialized"
		^ processWrapper ]
	on: PhLImageVersionDeterminationError
	do: [ :error | error uiAlert ] ] in PhLImage>>launchWithConfiguration:
	Receiver: Image (Pharo 12.0 - 64bit (stable))
	Arguments and temporary variables: 
		architectureWarningEnabled: 	true
		continue: 	true
		aPhLLaunchConfiguration: 	PhLLaunchConfiguration(Default)
		processWrapper: 	nil
	Receiver's instance variables: 
		file: 	{launcherUserFilesLocation}/images/Pharo 12.0 - 64bit (stable)/Pharo 12.0...etc...
		description: 	nil
		formatNumber: 	68021
		architecture: 	'64'
		pharoVersion: 	'120'
		originTemplate: 	Image template (Pharo 12.0 - 64bit (stable))
		vmManager: 	a PhLVirtualMachineManager
		launchConfigurations: 	an OrderedCollection(PhLLaunchConfiguration(Default))
		initializationScript: 	nil
		shouldRunInitializationScript: 	true


FullBlockClosure(BlockClosure)>>on:do:
	Receiver: [ | processWrapper|
		processWrapper := (aPhLLaunchConfiguration launchProcess) runUnwatch...etc...
	Arguments and temporary variables: 
		exception: 	PhLImageVersionDeterminationError
		handlerAction: 	[ :error | error uiAlert ]
	Receiver's instance variables: 
		outerContext: 	[ [ | processWrapper|
		processWrapper := (aPhLLaunchConfiguratio...etc...
		startpc: 	a CompiledBlock: [ | processWrapper|
		processWrapper := (aPhLLaunchCo...etc...
		numArgs: 	0
		receiver: 	Image (Pharo 12.0 - 64bit (stable))


[ [ | processWrapper|
		processWrapper := (aPhLLaunchConfiguration launchProcess) runUnwatch.
		self doNotRunInitializationScript. "Just run, image already initialized"
		^ processWrapper ]
	on: PhLImageVersionDeterminationError
	do: [ :error | error uiAlert ] ] in PhLImage>>launchWithConfiguration:
	Receiver: Image (Pharo 12.0 - 64bit (stable))
	Arguments and temporary variables: 
		architectureWarningEnabled: 	true
		continue: 	true
		aPhLLaunchConfiguration: 	PhLLaunchConfiguration(Default)
	Receiver's instance variables: 
		file: 	{launcherUserFilesLocation}/images/Pharo 12.0 - 64bit (stable)/Pharo 12.0...etc...
		description: 	nil
		formatNumber: 	68021
		architecture: 	'64'
		pharoVersion: 	'120'
		originTemplate: 	Image template (Pharo 12.0 - 64bit (stable))
		vmManager: 	a PhLVirtualMachineManager
		launchConfigurations: 	an OrderedCollection(PhLLaunchConfiguration(Default))
		initializationScript: 	nil
		shouldRunInitializationScript: 	true


FullBlockClosure(BlockClosure)>>on:do:
	Receiver: [ [ | processWrapper|
		processWrapper := (aPhLLaunchConfiguration launchProcess) runUnwat...etc...
	Arguments and temporary variables: 
		exception: 	PhLArchitectureMismatchWarning
		handlerAction: 	[ :warning |
		architectureWarningEnabled ifTrue: [ 	
			archite...etc...
	Receiver's instance variables: 
		outerContext: 	PhLImage>>launchWithConfiguration:
		startpc: 	a CompiledBlock: [ [ | processWrapper|
		processWrapper := (aPhLLaunch...etc...
		numArgs: 	0
		receiver: 	Image (Pharo 12.0 - 64bit (stable))


PhLImage>>launchWithConfiguration:
	Receiver: Image (Pharo 12.0 - 64bit (stable))
	Arguments and temporary variables: 
		architectureWarningEnabled: 	true
		continue: 	true
		aPhLLaunchConfiguration: 	PhLLaunchConfiguration(Default)
	Receiver's instance variables: 
		file: 	{launcherUserFilesLocation}/images/Pharo 12.0 - 64bit (stable)/Pharo 12.0...etc...
		description: 	nil
		formatNumber: 	68021
		architecture: 	'64'
		pharoVersion: 	'120'
		originTemplate: 	Image template (Pharo 12.0 - 64bit (stable))
		vmManager: 	a PhLVirtualMachineManager
		launchConfigurations: 	an OrderedCollection(PhLLaunchConfiguration(Default))
		initializationScript: 	nil
		shouldRunInitializationScript: 	true


[ 
		launchConfig := self launchConfigurationOfImage: aPhLImage.
		launchConfig useSettings: useSettings.
		process := aPhLImage launchWithConfiguration: launchConfig ] in PhLLaunchImageCommand>>launchImage:
	Receiver: a PhLLaunchImageCommand
	Arguments and temporary variables: 
		aPhLImage: 	Image (Pharo 12.0 - 64bit (stable))
		process: 	nil
		launchConfig: 	PhLLaunchConfiguration(Default)
	Receiver's instance variables: 
		context: 	a PhLImagesPresenter
		basicName: 	'Launch'
		basicDescription: 	'Launch the selected image with the appropriate virtual machi...etc...
		useSettings: 	true


FullBlockClosure(BlockClosure)>>on:do:
	Receiver: [ 
		launchConfig := self launchConfigurationOfImage: aPhLImage.
		launchConfig useSetting...etc...
	Arguments and temporary variables: 
		exception: 	PhLError
		handlerAction: 	[ :error | error uiAlert. ^ process ]
	Receiver's instance variables: 
		outerContext: 	PhLLaunchImageCommand>>launchImage:
		startpc: 	a CompiledBlock: [ 
		launchConfig := self launchConfigurationOfImage:...etc...
		numArgs: 	0
		receiver: 	a PhLLaunchImageCommand


PhLLaunchImageCommand>>launchImage:
	Receiver: a PhLLaunchImageCommand
	Arguments and temporary variables: 
		process: 	nil
		launchConfig: 	PhLLaunchConfiguration(Default)
		aPhLImage: 	Image (Pharo 12.0 - 64bit (stable))
	Receiver's instance variables: 
		context: 	a PhLImagesPresenter
		basicName: 	'Launch'
		basicDescription: 	'Launch the selected image with the appropriate virtual machi...etc...
		useSettings: 	true


PhLLaunchImageCommand>>launchSelectedImage
	Receiver: a PhLLaunchImageCommand
	Arguments and temporary variables: 
x
	Receiver's instance variables: 
		context: 	a PhLImagesPresenter
		basicName: 	'Launch'
		basicDescription: 	'Launch the selected image with the appropriate virtual machi...etc...
		useSettings: 	true


PhLLaunchImageCommand>>execute
	Receiver: a PhLLaunchImageCommand
	Arguments and temporary variables: 
x
	Receiver's instance variables: 
		context: 	a PhLImagesPresenter
		basicName: 	'Launch'
		basicDescription: 	'Launch the selected image with the appropriate virtual machi...etc...
		useSettings: 	true


PhLImagesPresenter>>actionLaunch
	Receiver: a PhLImagesPresenter
	Arguments and temporary variables: 
		cmd: 	a PhLLaunchImageCommand
	Receiver's instance variables: 
		dependents: 	a DependentsArray(a SpMorphicBoxAdapter a SpMorphicPanedAdapter)
		announcer: 	an Announcer
		owner: 	a SpWorldPresenter
		adapter: 	a SpMorphicBoxAdapter
		needRebuild: 	true
		eventHandler: 	nil
		application: 	a PharoLauncherApplication
		focusOrder: 	nil
		contextKeyBindings: 	an ObservableValueHolder[ nil ]
		windowIcon: 	an ObservableValueHolder[ nil ]
		aboutText: 	an ObservableValueHolder[ nil ]
		askOkToClose: 	an ObservableValueHolder[ false ]
		titleHolder: 	an ObservableValueHolder[ 'Untitled window' ]
		additionalSubpresentersMap: 	nil
		layout: 	an ObservableValueHolder[ a SpBoxLayout ]
		visible: 	an ObservableValueHolder[ true ]
		extent: 	an ObservableValueHolder[ nil ]
		styles: 	#()
		announcingObject: 	a NewValueHolder[ a PhLDirectoryBasedImageRepository ]
		imageTable: 	a SpTablePresenter
		descriptionPanel: 	a PhLImageDetailPresenter
		launchConfigurationList: 	a SpDropListPresenter
		imageFilter: 	a SpTextInputFieldPresenter
		rootCommandsGroup: 	a SpCommandGroup
		toolbar: 	a SpPresenter


[ self actionLaunch ] in PhLImagesPresenter>>buildImageTable
	Receiver: a PhLImagesPresenter
	Arguments and temporary variables: 
x
	Receiver's instance variables: 
		dependents: 	a DependentsArray(a SpMorphicBoxAdapter a SpMorphicPanedAdapter)
		announcer: 	an Announcer
		owner: 	a SpWorldPresenter
		adapter: 	a SpMorphicBoxAdapter
		needRebuild: 	true
		eventHandler: 	nil
		application: 	a PharoLauncherApplication
		focusOrder: 	nil
		contextKeyBindings: 	an ObservableValueHolder[ nil ]
		windowIcon: 	an ObservableValueHolder[ nil ]
		aboutText: 	an ObservableValueHolder[ nil ]
		askOkToClose: 	an ObservableValueHolder[ false ]
		titleHolder: 	an ObservableValueHolder[ 'Untitled window' ]
		additionalSubpresentersMap: 	nil
		layout: 	an ObservableValueHolder[ a SpBoxLayout ]
		visible: 	an ObservableValueHolder[ true ]
		extent: 	an ObservableValueHolder[ nil ]
		styles: 	#()
		announcingObject: 	a NewValueHolder[ a PhLDirectoryBasedImageRepository ]
		imageTable: 	a SpTablePresenter
		descriptionPanel: 	a PhLImageDetailPresenter
		launchConfigurationList: 	a SpDropListPresenter
		imageFilter: 	a SpTextInputFieldPresenter
		rootCommandsGroup: 	a SpCommandGroup
		toolbar: 	a SpPresenter


FullBlockClosure(BlockClosure)>>cull:
	Receiver: [ self actionLaunch ]
	Arguments and temporary variables: 
		anArg: 	a SpSingleSelectionMode
	Receiver's instance variables: 
		outerContext: 	PhLImagesPresenter>>buildImageTable
		startpc: 	a CompiledBlock: [ self actionLaunch ]
		numArgs: 	0
		receiver: 	a PhLImagesPresenter


SpTablePresenter(SpAbstractListPresenter)>>doActivateAtIndex:
	Receiver: a SpTablePresenter
	Arguments and temporary variables: 
		anIndex: 	1
	Receiver's instance variables: 
		dependents: 	a DependentsArray(a SpMorphicTableAdapter)
		announcer: 	an Announcer
		owner: 	a PhLImagesPresenter
		adapter: 	a SpMorphicTableAdapter
		needRebuild: 	true
		eventHandler: 	nil
		application: 	nil
		focusOrder: 	nil
		contextKeyBindings: 	an ObservableValueHolder[ a KMCategory ]
		windowIcon: 	an ObservableValueHolder[ nil ]
		aboutText: 	an ObservableValueHolder[ nil ]
		askOkToClose: 	an ObservableValueHolder[ false ]
		titleHolder: 	an ObservableValueHolder[ 'Untitled window' ]
		additionalSubpresentersMap: 	nil
		layout: 	an ObservableValueHolder[ a SpAbstractWidgetLayout ]
		visible: 	an ObservableValueHolder[ true ]
		extent: 	an ObservableValueHolder[ nil ]
		styles: 	#()
		borderWidth: 	an ObservableValueHolder[ nil ]
		borderColor: 	an ObservableValueHolder[ nil ]
		dragEnabled: 	an ObservableValueHolder[ false ]
		dropEnabled: 	an ObservableValueHolder[ false ]
		color: 	an ObservableValueHolder[ nil ]
		help: 	an ObservableValueHolder[ nil ]
		enabled: 	an ObservableValueHolder[ true ]
		wantsDrop: 	an ObservableValueHolder[ [ :transfer | self dropEnabled ] ]
		acceptDrop: 	an ObservableValueHolder[ [ :transfer | ] ]
		deferredActions: 	nil
		selectionMode: 	a SpMultipleSelectionMode
		activationBlock: 	[ self actionLaunch ]
		activateOnSingleClick: 	false
		model: 	a SpCollectionListModel
		itemFilter: 	an ObservableValueHolder[ nil ]
		verticalAlignment: 	a SpVerticalAlignment
		wrapScrollBars: 	true
		propagateNaturalHeight: 	false
		propagateNaturalWidth: 	false
		scrollBarStyles: 	#()
		contextMenu: 	an ObservableValueHolder[ [ aValuable value beRoot asMenuPresenter...etc...
		columns: 	an ObservableValueHolder[ an Array(a SpStringTableColumn a SpStringTab...etc...
		showColumnHeaders: 	an ObservableValueHolder[ true ]
		isResizable: 	an ObservableValueHolder[ true ]
		searchEnabled: 	an ObservableValueHolder[ true ]
		searchBlock: 	[ :item :pattern | 
		self performDefaultSearch: item matching: pa...etc...


SpTablePresenter(SpAbstractListPresenter)>>doubleClickAtIndex:
	Receiver: a SpTablePresenter
	Arguments and temporary variables: 
		anIndex: 	1
	Receiver's instance variables: 
		dependents: 	a DependentsArray(a SpMorphicTableAdapter)
		announcer: 	an Announcer
		owner: 	a PhLImagesPresenter
		adapter: 	a SpMorphicTableAdapter
		needRebuild: 	true
		eventHandler: 	nil
		application: 	nil
		focusOrder: 	nil
		contextKeyBindings: 	an ObservableValueHolder[ a KMCategory ]
		windowIcon: 	an ObservableValueHolder[ nil ]
		aboutText: 	an ObservableValueHolder[ nil ]
		askOkToClose: 	an ObservableValueHolder[ false ]
		titleHolder: 	an ObservableValueHolder[ 'Untitled window' ]
		additionalSubpresentersMap: 	nil
		layout: 	an ObservableValueHolder[ a SpAbstractWidgetLayout ]
		visible: 	an ObservableValueHolder[ true ]
		extent: 	an ObservableValueHolder[ nil ]
		styles: 	#()
		borderWidth: 	an ObservableValueHolder[ nil ]
		borderColor: 	an ObservableValueHolder[ nil ]
		dragEnabled: 	an ObservableValueHolder[ false ]
		dropEnabled: 	an ObservableValueHolder[ false ]
		color: 	an ObservableValueHolder[ nil ]
		help: 	an ObservableValueHolder[ nil ]
		enabled: 	an ObservableValueHolder[ true ]
		wantsDrop: 	an ObservableValueHolder[ [ :transfer | self dropEnabled ] ]
		acceptDrop: 	an ObservableValueHolder[ [ :transfer | ] ]
		deferredActions: 	nil
		selectionMode: 	a SpMultipleSelectionMode
		activationBlock: 	[ self actionLaunch ]
		activateOnSingleClick: 	false
		model: 	a SpCollectionListModel
		itemFilter: 	an ObservableValueHolder[ nil ]
		verticalAlignment: 	a SpVerticalAlignment
		wrapScrollBars: 	true
		propagateNaturalHeight: 	false
		propagateNaturalWidth: 	false
		scrollBarStyles: 	#()
		contextMenu: 	an ObservableValueHolder[ [ aValuable value beRoot asMenuPresenter...etc...
		columns: 	an ObservableValueHolder[ an Array(a SpStringTableColumn a SpStringTab...etc...
		showColumnHeaders: 	an ObservableValueHolder[ true ]
		isResizable: 	an ObservableValueHolder[ true ]
		searchEnabled: 	an ObservableValueHolder[ true ]
		searchBlock: 	[ :item :pattern | 
		self performDefaultSearch: item matching: pa...etc...


SpMorphicTableAdapter>>strongSelectionChanged:
	Receiver: a SpMorphicTableAdapter
	Arguments and temporary variables: 
		aFTStrongSelectionChanged: 	a FTStrongSelectionChanged
	Receiver's instance variables: 
		dependents: 	nil
		announcer: 	nil
		model: 	a SpTablePresenter
		widget: 	a SpFTTableMorph(276131840)
		selector: 	nil
		owner: 	a SpTablePresenter
		unsubscribed: 	false


MessageSend>>value:
	Receiver: MessageSend(#strongSelectionChanged: -> a SpMorphicTableAdapter)
	Arguments and temporary variables: 
		anObject: 	a FTStrongSelectionChanged
	Receiver's instance variables: 
		receiver: 	a SpMorphicTableAdapter
		selector: 	#strongSelectionChanged:
		arguments: 	#()


MessageSend>>cull:
	Receiver: MessageSend(#strongSelectionChanged: -> a SpMorphicTableAdapter)
	Arguments and temporary variables: 
		arg: 	a FTStrongSelectionChanged
	Receiver's instance variables: 
		receiver: 	a SpMorphicTableAdapter
		selector: 	#strongSelectionChanged:
		arguments: 	#()


MessageSend>>cull:cull:
	Receiver: MessageSend(#strongSelectionChanged: -> a SpMorphicTableAdapter)
	Arguments and temporary variables: 
		arg1: 	a FTStrongSelectionChanged
		arg2: 	an Announcer
	Receiver's instance variables: 
		receiver: 	a SpMorphicTableAdapter
		selector: 	#strongSelectionChanged:
		arguments: 	#()


[action cull: anAnnouncement cull: announcer] in AnnouncementSubscription>>deliver:
	Receiver: an AnnouncementSubscription
	Arguments and temporary variables: 
		anAnnouncement: 	a FTStrongSelectionChanged
	Receiver's instance variables: 
		announcer: 	an Announcer
		announcementClass: 	FTStrongSelectionChanged
		subscriber: 	a SpMorphicTableAdapter
		action: 	MessageSend(#strongSelectionChanged: -> a SpMorphicTableAdapter)


FullBlockClosure(BlockClosure)>>on:do:
	Receiver: [action cull: anAnnouncement cull: announcer]
	Arguments and temporary variables: 
		exception: 	UnhandledError
		handlerAction: 	[ :ex | 
			  | onDoCtx handler bottom thisCtx |
			  onDoCtx :=...etc...
	Receiver's instance variables: 
		outerContext: 	AnnouncementSubscription>>deliver:
		startpc: 	a CompiledBlock: [action cull: anAnnouncement cull: announcer]
		numArgs: 	0
		receiver: 	an AnnouncementSubscription


[ Processor terminateRealActive ] in BlockClosure>>on:fork:
	Receiver: [action cull: anAnnouncement cull: announcer]
	Arguments and temporary variables: 
		exception: 	UnhandledError
		handlerAction: 	nil
		ex: 	UnhandledError
		onDoCtx: 	nil
		handler: 	nil
		bottom: 	nil
		thisCtx: 	nil
	Receiver's instance variables: 
		outerContext: 	AnnouncementSubscription>>deliver:
		startpc: 	a CompiledBlock: [action cull: anAnnouncement cull: announcer]
		numArgs: 	0
		receiver: 	an AnnouncementSubscription



--- The full stack ---
PhLProcessWrapper(Object)>>error:
PhLProcessWrapper>>runAndWait
PhLVirtualMachineManager class>>systemUnzip:to:
PhLVirtualMachineManager class>>unzip:to:
PhLVirtualMachineManager class>>fetch:to:
PhLVirtualMachine>>updateFromUrl
PhLVirtualMachine>>isValidAfterUpdate
PhLLaunchConfiguration>>launchProcess
[ | processWrapper|
		processWrapper := (aPhLLaunchConfiguration launchProcess) runUnwatch.
		self doNotRunInitializationScript. "Just run, image already initialized"
		^ processWrapper ] in [ [ | processWrapper|
		processWrapper := (aPhLLaunchConfiguration launchProcess) runUnwatch.
		self doNotRunInitializationScript. "Just run, image already initialized"
		^ processWrapper ]
	on: PhLImageVersionDeterminationError
	do: [ :error | error uiAlert ] ] in PhLImage>>launchWithConfiguration:
FullBlockClosure(BlockClosure)>>on:do:
[ [ | processWrapper|
		processWrapper := (aPhLLaunchConfiguration launchProcess) runUnwatch.
		self doNotRunInitializationScript. "Just run, image already initialized"
		^ processWrapper ]
	on: PhLImageVersionDeterminationError
	do: [ :error | error uiAlert ] ] in PhLImage>>launchWithConfiguration:
FullBlockClosure(BlockClosure)>>on:do:
PhLImage>>launchWithConfiguration:
[ 
		launchConfig := self launchConfigurationOfImage: aPhLImage.
		launchConfig useSettings: useSettings.
		process := aPhLImage launchWithConfiguration: launchConfig ] in PhLLaunchImageCommand>>launchImage:
FullBlockClosure(BlockClosure)>>on:do:
PhLLaunchImageCommand>>launchImage:
PhLLaunchImageCommand>>launchSelectedImage
PhLLaunchImageCommand>>execute
PhLImagesPresenter>>actionLaunch
[ self actionLaunch ] in PhLImagesPresenter>>buildImageTable
FullBlockClosure(BlockClosure)>>cull:
SpTablePresenter(SpAbstractListPresenter)>>doActivateAtIndex:
SpTablePresenter(SpAbstractListPresenter)>>doubleClickAtIndex:
SpMorphicTableAdapter>>strongSelectionChanged:
MessageSend>>value:
MessageSend>>cull:
MessageSend>>cull:cull:
[action cull: anAnnouncement cull: announcer] in AnnouncementSubscription>>deliver:
FullBlockClosure(BlockClosure)>>on:do:
[ Processor terminateRealActive ] in BlockClosure>>on:fork:
-------------------------------------------------------------------------------

THERE_BE_DRAGONS_HERE
Error: command bash -c 'unzip -o -d "/home/tato/Pharo/vms/120-x64" "/home/tato/Pharo/vms/120-x64.zip"' failed
29 June 2024 1:01:29.815544 pm

VM: unix - x86_64 - linux-gnu - CoInterpreter * VMMaker-tonel.1 uuid: ad0a8882-d297-0d00-90d3-62ff092bce84 Mar 30 2022
StackToRegisterMappingCogit * VMMaker-tonel.1 uuid: ad0a8882-d297-0d00-90d3-62ff092bce84 Mar 30 2022
v9.0.14 - Commit: 93600e1 - Date: 2022-03-30 16:40:05 +0200

Image: Pharo10.0.0 [Build information: Pharo-10.0.0+build.514.sha.06180671d95a16c446fe24e3fedb0916c1bcb31a (64 Bit)]

PhLProcessWrapper(Object)>>error:
	Receiver: a PhLProcessWrapper
	Arguments and temporary variables: 
		aString: 	'command bash -c ''unzip -o -d "/home/tato/Pharo/vms/120-x64" "/home/t...etc...
	Receiver's instance variables: 
		process: 	OSSUnixSubprocess(Command: /bin/bash; Pid: 7910; Status: normal termin...etc...
		arguments: 	an OrderedCollection('unzip' '-o' '-d' '"/home/tato/Pharo/vms/120-x6...etc...
		command: 	nil
		workingDirectory: 	nil
		isShellCommand: 	true
		useLoginShell: 	false


PhLProcessWrapper>>runAndWait
	Receiver: a PhLProcessWrapper
	Arguments and temporary variables: 
x
	Receiver's instance variables: 
		process: 	OSSUnixSubprocess(Command: /bin/bash; Pid: 7910; Status: normal termin...etc...
		arguments: 	an OrderedCollection('unzip' '-o' '-d' '"/home/tato/Pharo/vms/120-x6...etc...
		command: 	nil
		workingDirectory: 	nil
		isShellCommand: 	true
		useLoginShell: 	false


PhLVirtualMachineManager class>>systemUnzip:to:
	Receiver: PhLVirtualMachineManager
	Arguments and temporary variables: 
		aZipFileReference: 	{launcherUserFilesLocation}/vms/120-x64.zip
		outputDirectory: 	{launcherUserFilesLocation}//home/tato/Pharo/vms/120-x64
	Receiver's instance variables: 
		superclass: 	Object
		methodDict: 	a MethodDictionary(#availableVirtualMachines->PhLVirtualMachineMana...etc...
		format: 	65539
		layout: 	a FixedLayout
		organization: 	a ClassOrganization
		subclasses: 	{PhLTestVirtualMachineManager}
		name: 	#PhLVirtualMachineManager
		classPool: 	a Dictionary()
		sharedPools: 	an OrderedCollection()
		environment: 	a SystemDictionary(lots of globals)
		category: 	#'PharoLauncher-Core-Download'
		vmStore: 	{launcherUserFilesLocation}/vms


PhLVirtualMachineManager class>>unzip:to:
	Receiver: PhLVirtualMachineManager
	Arguments and temporary variables: 
		aZipFileReference: 	{launcherUserFilesLocation}/vms/120-x64.zip
		outputDirectory: 	{launcherUserFilesLocation}//home/tato/Pharo/vms/120-x64
	Receiver's instance variables: 
		superclass: 	Object
		methodDict: 	a MethodDictionary(#availableVirtualMachines->PhLVirtualMachineMana...etc...
		format: 	65539
		layout: 	a FixedLayout
		organization: 	a ClassOrganization
		subclasses: 	{PhLTestVirtualMachineManager}
		name: 	#PhLVirtualMachineManager
		classPool: 	a Dictionary()
		sharedPools: 	an OrderedCollection()
		environment: 	a SystemDictionary(lots of globals)
		category: 	#'PharoLauncher-Core-Download'
		vmStore: 	{launcherUserFilesLocation}/vms


PhLVirtualMachineManager class>>fetch:to:
	Receiver: PhLVirtualMachineManager
	Arguments and temporary variables: 
		aVmUrl: 	'https://files.pharo.org/get-files/120/pharo-vm-Linux-x86_64-stable.zip...etc...
		targetFile: 	{launcherUserFilesLocation}/vms/120-x64.zip
	Receiver's instance variables: 
		superclass: 	Object
		methodDict: 	a MethodDictionary(#availableVirtualMachines->PhLVirtualMachineMana...etc...
		format: 	65539
		layout: 	a FixedLayout
		organization: 	a ClassOrganization
		subclasses: 	{PhLTestVirtualMachineManager}
		name: 	#PhLVirtualMachineManager
		classPool: 	a Dictionary()
		sharedPools: 	an OrderedCollection()
		environment: 	a SystemDictionary(lots of globals)
		category: 	#'PharoLauncher-Core-Download'
		vmStore: 	{launcherUserFilesLocation}/vms


PhLVirtualMachine>>updateFromUrl
	Receiver: a PhLVirtualMachine(120-x64)
	Arguments and temporary variables: 
x
	Receiver's instance variables: 
		executableRef: 	nil
		vmBinaryRef: 	nil
		name: 	nil
		manager: 	a PhLVirtualMachineManager
		flavour: 	''
		id: 	'120-x64'
		blessing: 	'stable'
		arch: 	'64'


PhLVirtualMachine>>isValidAfterUpdate
	Receiver: a PhLVirtualMachine(120-x64)
	Arguments and temporary variables: 
x
	Receiver's instance variables: 
		executableRef: 	nil
		vmBinaryRef: 	nil
		name: 	nil
		manager: 	a PhLVirtualMachineManager
		flavour: 	''
		id: 	'120-x64'
		blessing: 	'stable'
		arch: 	'64'


PhLLaunchConfiguration>>launchProcess
	Receiver: PhLLaunchConfiguration(Default)
	Arguments and temporary variables: 
x
	Receiver's instance variables: 
		image: 	Image (Pharo 12.0 - 64bit (stable))
		name: 	'Default'
		imageArguments: 	an OrderedCollection()
		usePharoSettings: 	true
		vm: 	a PhLVirtualMachine(120-x64)
		vmArguments: 	nil


[ | processWrapper|
		processWrapper := (aPhLLaunchConfiguration launchProcess) runUnwatch.
		self doNotRunInitializationScript. "Just run, image already initialized"
		^ processWrapper ] in [ [ | processWrapper|
		processWrapper := (aPhLLaunchConfiguration launchProcess) runUnwatch.
		self doNotRunInitializationScript. "Just run, image already initialized"
		^ processWrapper ]
	on: PhLImageVersionDeterminationError
	do: [ :error | error uiAlert ] ] in PhLImage>>launchWithConfiguration:
	Receiver: Image (Pharo 12.0 - 64bit (stable))
	Arguments and temporary variables: 
		architectureWarningEnabled: 	true
		continue: 	true
		aPhLLaunchConfiguration: 	PhLLaunchConfiguration(Default)
		processWrapper: 	nil
	Receiver's instance variables: 
		file: 	{launcherUserFilesLocation}/images/Pharo 12.0 - 64bit (stable)/Pharo 12.0...etc...
		description: 	nil
		formatNumber: 	68021
		architecture: 	'64'
		pharoVersion: 	'120'
		originTemplate: 	Image template (Pharo 12.0 - 64bit (stable))
		vmManager: 	a PhLVirtualMachineManager
		launchConfigurations: 	an OrderedCollection(PhLLaunchConfiguration(Default))
		initializationScript: 	nil
		shouldRunInitializationScript: 	true


FullBlockClosure(BlockClosure)>>on:do:
	Receiver: [ | processWrapper|
		processWrapper := (aPhLLaunchConfiguration launchProcess) runUnwatch...etc...
	Arguments and temporary variables: 
		exception: 	PhLImageVersionDeterminationError
		handlerAction: 	[ :error | error uiAlert ]
	Receiver's instance variables: 
		outerContext: 	[ [ | processWrapper|
		processWrapper := (aPhLLaunchConfiguratio...etc...
		startpc: 	a CompiledBlock: [ | processWrapper|
		processWrapper := (aPhLLaunchCo...etc...
		numArgs: 	0
		receiver: 	Image (Pharo 12.0 - 64bit (stable))


[ [ | processWrapper|
		processWrapper := (aPhLLaunchConfiguration launchProcess) runUnwatch.
		self doNotRunInitializationScript. "Just run, image already initialized"
		^ processWrapper ]
	on: PhLImageVersionDeterminationError
	do: [ :error | error uiAlert ] ] in PhLImage>>launchWithConfiguration:
	Receiver: Image (Pharo 12.0 - 64bit (stable))
	Arguments and temporary variables: 
		architectureWarningEnabled: 	true
		continue: 	true
		aPhLLaunchConfiguration: 	PhLLaunchConfiguration(Default)
	Receiver's instance variables: 
		file: 	{launcherUserFilesLocation}/images/Pharo 12.0 - 64bit (stable)/Pharo 12.0...etc...
		description: 	nil
		formatNumber: 	68021
		architecture: 	'64'
		pharoVersion: 	'120'
		originTemplate: 	Image template (Pharo 12.0 - 64bit (stable))
		vmManager: 	a PhLVirtualMachineManager
		launchConfigurations: 	an OrderedCollection(PhLLaunchConfiguration(Default))
		initializationScript: 	nil
		shouldRunInitializationScript: 	true


FullBlockClosure(BlockClosure)>>on:do:
	Receiver: [ [ | processWrapper|
		processWrapper := (aPhLLaunchConfiguration launchProcess) runUnwat...etc...
	Arguments and temporary variables: 
		exception: 	PhLArchitectureMismatchWarning
		handlerAction: 	[ :warning |
		architectureWarningEnabled ifTrue: [ 	
			archite...etc...
	Receiver's instance variables: 
		outerContext: 	PhLImage>>launchWithConfiguration:
		startpc: 	a CompiledBlock: [ [ | processWrapper|
		processWrapper := (aPhLLaunch...etc...
		numArgs: 	0
		receiver: 	Image (Pharo 12.0 - 64bit (stable))


PhLImage>>launchWithConfiguration:
	Receiver: Image (Pharo 12.0 - 64bit (stable))
	Arguments and temporary variables: 
		architectureWarningEnabled: 	true
		continue: 	true
		aPhLLaunchConfiguration: 	PhLLaunchConfiguration(Default)
	Receiver's instance variables: 
		file: 	{launcherUserFilesLocation}/images/Pharo 12.0 - 64bit (stable)/Pharo 12.0...etc...
		description: 	nil
		formatNumber: 	68021
		architecture: 	'64'
		pharoVersion: 	'120'
		originTemplate: 	Image template (Pharo 12.0 - 64bit (stable))
		vmManager: 	a PhLVirtualMachineManager
		launchConfigurations: 	an OrderedCollection(PhLLaunchConfiguration(Default))
		initializationScript: 	nil
		shouldRunInitializationScript: 	true


[ 
		launchConfig := self launchConfigurationOfImage: aPhLImage.
		launchConfig useSettings: useSettings.
		process := aPhLImage launchWithConfiguration: launchConfig ] in PhLLaunchImageCommand>>launchImage:
	Receiver: a PhLLaunchImageCommand
	Arguments and temporary variables: 
		aPhLImage: 	Image (Pharo 12.0 - 64bit (stable))
		process: 	nil
		launchConfig: 	PhLLaunchConfiguration(Default)
	Receiver's instance variables: 
		context: 	a PhLImagesPresenter
		basicName: 	'Launch'
		basicDescription: 	'Launch the selected image with the appropriate virtual machi...etc...
		useSettings: 	true


FullBlockClosure(BlockClosure)>>on:do:
	Receiver: [ 
		launchConfig := self launchConfigurationOfImage: aPhLImage.
		launchConfig useSetting...etc...
	Arguments and temporary variables: 
		exception: 	PhLError
		handlerAction: 	[ :error | error uiAlert. ^ process ]
	Receiver's instance variables: 
		outerContext: 	PhLLaunchImageCommand>>launchImage:
		startpc: 	a CompiledBlock: [ 
		launchConfig := self launchConfigurationOfImage:...etc...
		numArgs: 	0
		receiver: 	a PhLLaunchImageCommand


PhLLaunchImageCommand>>launchImage:
	Receiver: a PhLLaunchImageCommand
	Arguments and temporary variables: 
		process: 	nil
		launchConfig: 	PhLLaunchConfiguration(Default)
		aPhLImage: 	Image (Pharo 12.0 - 64bit (stable))
	Receiver's instance variables: 
		context: 	a PhLImagesPresenter
		basicName: 	'Launch'
		basicDescription: 	'Launch the selected image with the appropriate virtual machi...etc...
		useSettings: 	true


PhLLaunchImageCommand>>launchSelectedImage
	Receiver: a PhLLaunchImageCommand
	Arguments and temporary variables: 
x
	Receiver's instance variables: 
		context: 	a PhLImagesPresenter
		basicName: 	'Launch'
		basicDescription: 	'Launch the selected image with the appropriate virtual machi...etc...
		useSettings: 	true


PhLLaunchImageCommand>>execute
	Receiver: a PhLLaunchImageCommand
	Arguments and temporary variables: 
x
	Receiver's instance variables: 
		context: 	a PhLImagesPresenter
		basicName: 	'Launch'
		basicDescription: 	'Launch the selected image with the appropriate virtual machi...etc...
		useSettings: 	true


SpCommand(CmCommandDecorator)>>execute
	Receiver: a SpCommand(Launch)
	Arguments and temporary variables: 
x
	Receiver's instance variables: 
		decoratedCommand: 	a PhLLaunchImageCommand
		iconProvider: 	a ThemeIcons(idea11)
		iconName: 	#smallDoItIcon
		shortcutKey: 	Meta + L
		displayStrategy: 	a CmUIDisableWhenCantBeRun
		positionStrategy: 	a CmUILeftPositionStrategy
		buildPresenterBlock: 	[ :specCommand | 
			aButtonClass new
				label: specComma...etc...
		presenter: 	nil


[ aCommand execute ] in SpMenuPresenterBuilder>>fillItem:with:
	Receiver: a SpMenuPresenterBuilder
	Arguments and temporary variables: 
		aMenuItem: 	a SpMenuItemPresenter
		aCommand: 	a SpCommand(Launch)
	Receiver's instance variables: 
		menuPresenter: 	a SpMenuPresenter
		stack: 	a Stack(a SpMenuPresenter)


FullBlockClosure(BlockClosure)>>cull:
	Receiver: [ aCommand execute ]
	Arguments and temporary variables: 
		anArg: 	a SpMorphicMenuItemAdapter
	Receiver's instance variables: 
		outerContext: 	SpMenuPresenterBuilder>>fillItem:with:
		startpc: 	a CompiledBlock: [ aCommand execute ]
		numArgs: 	0
		receiver: 	a SpMenuPresenterBuilder


SpMenuItemPresenter>>performMenuActionWith:
	Receiver: a SpMenuItemPresenter
	Arguments and temporary variables: 
		aMenuItem: 	a SpMorphicMenuItemAdapter
		en: 	true
	Receiver's instance variables: 
		dependents: 	a DependentsArray(a SpMorphicMenuItemAdapter)
		announcer: 	an Announcer
		owner: 	a SpMenuGroupPresenter
		adapter: 	a SpMorphicMenuItemAdapter
		needRebuild: 	true
		eventHandler: 	nil
		application: 	nil
		focusOrder: 	nil
		contextKeyBindings: 	an ObservableValueHolder[ nil ]
		windowIcon: 	an ObservableValueHolder[ nil ]
		aboutText: 	an ObservableValueHolder[ nil ]
		askOkToClose: 	an ObservableValueHolder[ false ]
		titleHolder: 	an ObservableValueHolder[ 'Untitled window' ]
		additionalSubpresentersMap: 	nil
		layout: 	an ObservableValueHolder[ a SpAbstractWidgetLayout ]
		visible: 	an ObservableValueHolder[ true ]
		extent: 	an ObservableValueHolder[ nil ]
		styles: 	#()
		borderWidth: 	an ObservableValueHolder[ nil ]
		borderColor: 	an ObservableValueHolder[ nil ]
		dragEnabled: 	an ObservableValueHolder[ false ]
		dropEnabled: 	an ObservableValueHolder[ false ]
		color: 	an ObservableValueHolder[ nil ]
		help: 	an ObservableValueHolder[ nil ]
		enabled: 	an ObservableValueHolder[ true ]
		wantsDrop: 	an ObservableValueHolder[ [ :transfer | self dropEnabled ] ]
		acceptDrop: 	an ObservableValueHolder[ [ :transfer | ] ]
		deferredActions: 	nil
		name: 	an ObservableValueHolder[ 'Launch' ]
		icon: 	an ObservableValueHolder[ Form(13x13x32) ]
		description: 	an ObservableValueHolder[ 'Launch the selected image with the appr...etc...
		action: 	[ aCommand execute ]
		shortcut: 	Meta + L
		subMenu: 	nil
		state: 	nil


SpMorphicMenuItemAdapter>>performMenuActionWith:
	Receiver: a SpMorphicMenuItemAdapter
	Arguments and temporary variables: 
		arguments: 	a SpMorphicMenuItemAdapter
	Receiver's instance variables: 
		dependents: 	nil
		announcer: 	nil
		model: 	a SpMenuItemPresenter
		widget: 	a SpToggleMenuItemMorph(672765696)'Launch'
		selector: 	nil
		owner: 	a SpMenuItemPresenter
		unsubscribed: 	false


[ | selArgCount |  "show cursor in case item opens a new MVC window"
		(selArgCount := selector numArgs) = 0
			ifTrue:
				[target perform: selector]
			ifFalse:
				[selArgCount = arguments size
					ifTrue: [target perform: selector withArguments: arguments]
					ifFalse: [target perform: selector withArguments: (arguments copyWith: evt)]].
		self showShortcut.
		self changed] in SpToggleMenuItemMorph(MenuItemMorph)>>invokeWithEvent:
	Receiver: a SpToggleMenuItemMorph(672765696)'Launch'
	Arguments and temporary variables: 
		evt: 	[(298@107) mouseUp 5687525 nil]
		w: 	a WorldMorph(757016832) [world]
		selArgCount: 	1
	Receiver's instance variables: 
		bounds: 	(295.0@99.0) corner: (512.0@116.0)
		owner: 	a MenuMorph(571098112)
		submorphs: 	#()
		fullBounds: 	(295.0@99.0) corner: (512.0@116.0)
		color: 	Color black
		extension: 	a MorphExtension (139433216) [balloonText]  [other:  (presenter -> a...etc...
		font: 	a LogicalFont
 familyName: 'Source Sans Pro'
 emphasis: nil
 pointSize: 1...etc...
		emphasis: 	0
		contents: 	'Launch'
		hasFocus: 	false
		backgroundColor: 	Color transparent
		isEnabled: 	true
		subMenu: 	nil
		isSelected: 	false
		target: 	a SpMorphicMenuItemAdapter
		selector: 	#performMenuActionWith:
		arguments: 	an Array(a SpMorphicMenuItemAdapter)
		icon: 	Form(13x13x32)
		keyText: 	'Ctrl+L'
		getStateSelector: 	nil
		enablementSelector: 	#enabled


FullBlockClosure(BlockClosure)>>ensure:
	Receiver: [ | selArgCount |  "show cursor in case item opens a new MVC window"
		(selArgCount := sel...etc...
	Arguments and temporary variables: 
		aBlock: 	[oldcursor show]
		complete: 	nil
		returnValue: 	nil
	Receiver's instance variables: 
		outerContext: 	SpToggleMenuItemMorph(MenuItemMorph)>>invokeWithEvent:
		startpc: 	a CompiledBlock: [ | selArgCount |  "show cursor in case item opens a ...etc...
		numArgs: 	0
		receiver: 	a SpToggleMenuItemMorph(672765696)'Launch'


CursorWithMask(Cursor)>>showWhile:
	Receiver: ((CursorWithMask
	extent: (16@16)
	depth: 1
	fromArray: #(
		2r0
		2r100000000000000000000...etc...
	Arguments and temporary variables: 
		aBlock: 	[ | selArgCount |  "show cursor in case item opens a new MVC window"
		...etc...
		oldcursor: 	((CursorWithMask
	extent: (16@16)
	depth: 1
	fromArray: #(
		2r0
		2...etc...
	Receiver's instance variables: 
		bits: 	a Bitmap of length 16
		width: 	16
		height: 	16
		depth: 	1
		offset: 	(-1@ -1)
		maskForm: 	Form(16x16x1)


SpToggleMenuItemMorph(MenuItemMorph)>>invokeWithEvent:
	Receiver: a SpToggleMenuItemMorph(672765696)'Launch'
	Arguments and temporary variables: 
		evt: 	[(298@107) mouseUp 5687525 nil]
		w: 	a WorldMorph(757016832) [world]
	Receiver's instance variables: 
		bounds: 	(295.0@99.0) corner: (512.0@116.0)
		owner: 	a MenuMorph(571098112)
		submorphs: 	#()
		fullBounds: 	(295.0@99.0) corner: (512.0@116.0)
		color: 	Color black
		extension: 	a MorphExtension (139433216) [balloonText]  [other:  (presenter -> a...etc...
		font: 	a LogicalFont
 familyName: 'Source Sans Pro'
 emphasis: nil
 pointSize: 1...etc...
		emphasis: 	0
		contents: 	'Launch'
		hasFocus: 	false
		backgroundColor: 	Color transparent
		isEnabled: 	true
		subMenu: 	nil
		isSelected: 	false
		target: 	a SpMorphicMenuItemAdapter
		selector: 	#performMenuActionWith:
		arguments: 	an Array(a SpMorphicMenuItemAdapter)
		icon: 	Form(13x13x32)
		keyText: 	'Ctrl+L'
		getStateSelector: 	nil
		enablementSelector: 	#enabled


SpToggleMenuItemMorph(MenuItemMorph)>>mouseUp:
	Receiver: a SpToggleMenuItemMorph(672765696)'Launch'
	Arguments and temporary variables: 
		evt: 	[(298@107) mouseUp 5687525 nil]
	Receiver's instance variables: 
		bounds: 	(295.0@99.0) corner: (512.0@116.0)
		owner: 	a MenuMorph(571098112)
		submorphs: 	#()
		fullBounds: 	(295.0@99.0) corner: (512.0@116.0)
		color: 	Color black
		extension: 	a MorphExtension (139433216) [balloonText]  [other:  (presenter -> a...etc...
		font: 	a LogicalFont
 familyName: 'Source Sans Pro'
 emphasis: nil
 pointSize: 1...etc...
		emphasis: 	0
		contents: 	'Launch'
		hasFocus: 	false
		backgroundColor: 	Color transparent
		isEnabled: 	true
		subMenu: 	nil
		isSelected: 	false
		target: 	a SpMorphicMenuItemAdapter
		selector: 	#performMenuActionWith:
		arguments: 	an Array(a SpMorphicMenuItemAdapter)
		icon: 	Form(13x13x32)
		keyText: 	'Ctrl+L'
		getStateSelector: 	nil
		enablementSelector: 	#enabled


SpToggleMenuItemMorph(MenuItemMorph)>>handleMouseUp:
	Receiver: a SpToggleMenuItemMorph(672765696)'Launch'
	Arguments and temporary variables: 
		anEvent: 	[(298@107) mouseUp 5687525 nil]
	Receiver's instance variables: 
		bounds: 	(295.0@99.0) corner: (512.0@116.0)
		owner: 	a MenuMorph(571098112)
		submorphs: 	#()
		fullBounds: 	(295.0@99.0) corner: (512.0@116.0)
		color: 	Color black
		extension: 	a MorphExtension (139433216) [balloonText]  [other:  (presenter -> a...etc...
		font: 	a LogicalFont
 familyName: 'Source Sans Pro'
 emphasis: nil
 pointSize: 1...etc...
		emphasis: 	0
		contents: 	'Launch'
		hasFocus: 	false
		backgroundColor: 	Color transparent
		isEnabled: 	true
		subMenu: 	nil
		isSelected: 	false
		target: 	a SpMorphicMenuItemAdapter
		selector: 	#performMenuActionWith:
		arguments: 	an Array(a SpMorphicMenuItemAdapter)
		icon: 	Form(13x13x32)
		keyText: 	'Ctrl+L'
		getStateSelector: 	nil
		enablementSelector: 	#enabled


MouseButtonEvent>>sentTo:
	Receiver: [(298@107) mouseUp 5687525 nil]
	Arguments and temporary variables: 
		anObject: 	a SpToggleMenuItemMorph(672765696)'Launch'
	Receiver's instance variables: 
		timeStamp: 	5687525
		source: 	a HandMorph(187254272)
		windowIndex: 	nil
		type: 	#mouseUp
		buttons: 	0
		position: 	(298@107)
		handler: 	nil
		wasHandled: 	true
		whichButton: 	4


SpToggleMenuItemMorph(Morph)>>handleEvent:
	Receiver: a SpToggleMenuItemMorph(672765696)'Launch'
	Arguments and temporary variables: 
		anEvent: 	[(298@107) mouseUp 5687525 nil]
	Receiver's instance variables: 
		bounds: 	(295.0@99.0) corner: (512.0@116.0)
		owner: 	a MenuMorph(571098112)
		submorphs: 	#()
		fullBounds: 	(295.0@99.0) corner: (512.0@116.0)
		color: 	Color black
		extension: 	a MorphExtension (139433216) [balloonText]  [other:  (presenter -> a...etc...
		font: 	a LogicalFont
 familyName: 'Source Sans Pro'
 emphasis: nil
 pointSize: 1...etc...
		emphasis: 	0
		contents: 	'Launch'
		hasFocus: 	false
		backgroundColor: 	Color transparent
		isEnabled: 	true
		subMenu: 	nil
		isSelected: 	false
		target: 	a SpMorphicMenuItemAdapter
		selector: 	#performMenuActionWith:
		arguments: 	an Array(a SpMorphicMenuItemAdapter)
		icon: 	Form(13x13x32)
		keyText: 	'Ctrl+L'
		getStateSelector: 	nil
		enablementSelector: 	#enabled


MorphicEventDispatcher>>dispatchDefault:with:
	Receiver: a MorphicEventDispatcher
	Arguments and temporary variables: 
		anEvent: 	[(298@107) mouseUp 5687525 nil]
		aMorph: 	a SpToggleMenuItemMorph(672765696)'Launch'
		localEvt: 	nil
		index: 	1
		child: 	nil
		morphs: 	#()
		inside: 	true
	Receiver's instance variables: 
		morph: 	a SpToggleMenuItemMorph(672765696)'Launch'


MorphicEventDispatcher>>handleMouseUp:
	Receiver: a MorphicEventDispatcher
	Arguments and temporary variables: 
		anEvent: 	[(298@107) mouseUp 5687525 nil]
	Receiver's instance variables: 
		morph: 	a SpToggleMenuItemMorph(672765696)'Launch'


MouseButtonEvent>>sentTo:
	Receiver: [(298@107) mouseUp 5687525 nil]
	Arguments and temporary variables: 
		anObject: 	a MorphicEventDispatcher
	Receiver's instance variables: 
		timeStamp: 	5687525
		source: 	a HandMorph(187254272)
		windowIndex: 	nil
		type: 	#mouseUp
		buttons: 	0
		position: 	(298@107)
		handler: 	nil
		wasHandled: 	true
		whichButton: 	4


[ ^ anEvent sentTo: self ] in MorphicEventDispatcher>>dispatchEvent:with:
	Receiver: a MorphicEventDispatcher
	Arguments and temporary variables: 
		anEvent: 	[(298@107) mouseUp 5687525 nil]
		aMorph: 	a SpToggleMenuItemMorph(672765696)'Launch'
	Receiver's instance variables: 
		morph: 	a SpToggleMenuItemMorph(672765696)'Launch'


FullBlockClosure(BlockClosure)>>ensure:
	Receiver: [ ^ anEvent sentTo: self ]
	Arguments and temporary variables: 
		aBlock: 	[ morph := nil ]
		complete: 	nil
		returnValue: 	nil
	Receiver's instance variables: 
		outerContext: 	MorphicEventDispatcher>>dispatchEvent:with:
		startpc: 	a CompiledBlock: [ ^ anEvent sentTo: self ]
		numArgs: 	0
		receiver: 	a MorphicEventDispatcher


MorphicEventDispatcher>>dispatchEvent:with:
	Receiver: a MorphicEventDispatcher
	Arguments and temporary variables: 
		anEvent: 	[(298@107) mouseUp 5687525 nil]
		aMorph: 	a SpToggleMenuItemMorph(672765696)'Launch'
	Receiver's instance variables: 
		morph: 	a SpToggleMenuItemMorph(672765696)'Launch'


SpToggleMenuItemMorph(Morph)>>processEvent:using:
	Receiver: a SpToggleMenuItemMorph(672765696)'Launch'
	Arguments and temporary variables: 
		anEvent: 	[(298@107) mouseUp 5687525 nil]
		defaultDispatcher: 	a MorphicEventDispatcher
	Receiver's instance variables: 
		bounds: 	(295.0@99.0) corner: (512.0@116.0)
		owner: 	a MenuMorph(571098112)
		submorphs: 	#()
		fullBounds: 	(295.0@99.0) corner: (512.0@116.0)
		color: 	Color black
		extension: 	a MorphExtension (139433216) [balloonText]  [other:  (presenter -> a...etc...
		font: 	a LogicalFont
 familyName: 'Source Sans Pro'
 emphasis: nil
 pointSize: 1...etc...
		emphasis: 	0
		contents: 	'Launch'
		hasFocus: 	false
		backgroundColor: 	Color transparent
		isEnabled: 	true
		subMenu: 	nil
		isSelected: 	false
		target: 	a SpMorphicMenuItemAdapter
		selector: 	#performMenuActionWith:
		arguments: 	an Array(a SpMorphicMenuItemAdapter)
		icon: 	Form(13x13x32)
		keyText: 	'Ctrl+L'
		getStateSelector: 	nil
		enablementSelector: 	#enabled


MorphicEventDispatcher>>dispatchDefault:with:
	Receiver: a MorphicEventDispatcher
	Arguments and temporary variables: 
		anEvent: 	[(298@107) mouseUp 5687525 nil]
		aMorph: 	a MenuMorph(571098112)
		localEvt: 	[(298@107) mouseUp 5687525 nil]
		index: 	1
		child: 	a SpToggleMenuItemMorph(672765696)'Launch'
		morphs: 	an Array(a SpToggleMenuItemMorph(672765696)'Launch' a SpToggleMenuItemM...etc...
		inside: 	false
	Receiver's instance variables: 
		morph: 	a SpToggleMenuItemMorph(672765696)'Launch'



--- The full stack ---
PhLProcessWrapper(Object)>>error:
PhLProcessWrapper>>runAndWait
PhLVirtualMachineManager class>>systemUnzip:to:
PhLVirtualMachineManager class>>unzip:to:
PhLVirtualMachineManager class>>fetch:to:
PhLVirtualMachine>>updateFromUrl
PhLVirtualMachine>>isValidAfterUpdate
PhLLaunchConfiguration>>launchProcess
[ | processWrapper|
		processWrapper := (aPhLLaunchConfiguration launchProcess) runUnwatch.
		self doNotRunInitializationScript. "Just run, image already initialized"
		^ processWrapper ] in [ [ | processWrapper|
		processWrapper := (aPhLLaunchConfiguration launchProcess) runUnwatch.
		self doNotRunInitializationScript. "Just run, image already initialized"
		^ processWrapper ]
	on: PhLImageVersionDeterminationError
	do: [ :error | error uiAlert ] ] in PhLImage>>launchWithConfiguration:
FullBlockClosure(BlockClosure)>>on:do:
[ [ | processWrapper|
		processWrapper := (aPhLLaunchConfiguration launchProcess) runUnwatch.
		self doNotRunInitializationScript. "Just run, image already initialized"
		^ processWrapper ]
	on: PhLImageVersionDeterminationError
	do: [ :error | error uiAlert ] ] in PhLImage>>launchWithConfiguration:
FullBlockClosure(BlockClosure)>>on:do:
PhLImage>>launchWithConfiguration:
[ 
		launchConfig := self launchConfigurationOfImage: aPhLImage.
		launchConfig useSettings: useSettings.
		process := aPhLImage launchWithConfiguration: launchConfig ] in PhLLaunchImageCommand>>launchImage:
FullBlockClosure(BlockClosure)>>on:do:
PhLLaunchImageCommand>>launchImage:
PhLLaunchImageCommand>>launchSelectedImage
PhLLaunchImageCommand>>execute
SpCommand(CmCommandDecorator)>>execute
[ aCommand execute ] in SpMenuPresenterBuilder>>fillItem:with:
FullBlockClosure(BlockClosure)>>cull:
SpMenuItemPresenter>>performMenuActionWith:
SpMorphicMenuItemAdapter>>performMenuActionWith:
[ | selArgCount |  "show cursor in case item opens a new MVC window"
		(selArgCount := selector numArgs) = 0
			ifTrue:
				[target perform: selector]
			ifFalse:
				[selArgCount = arguments size
					ifTrue: [target perform: selector withArguments: arguments]
					ifFalse: [target perform: selector withArguments: (arguments copyWith: evt)]].
		self showShortcut.
		self changed] in SpToggleMenuItemMorph(MenuItemMorph)>>invokeWithEvent:
FullBlockClosure(BlockClosure)>>ensure:
CursorWithMask(Cursor)>>showWhile:
SpToggleMenuItemMorph(MenuItemMorph)>>invokeWithEvent:
SpToggleMenuItemMorph(MenuItemMorph)>>mouseUp:
SpToggleMenuItemMorph(MenuItemMorph)>>handleMouseUp:
MouseButtonEvent>>sentTo:
SpToggleMenuItemMorph(Morph)>>handleEvent:
MorphicEventDispatcher>>dispatchDefault:with:
MorphicEventDispatcher>>handleMouseUp:
MouseButtonEvent>>sentTo:
[ ^ anEvent sentTo: self ] in MorphicEventDispatcher>>dispatchEvent:with:
FullBlockClosure(BlockClosure)>>ensure:
MorphicEventDispatcher>>dispatchEvent:with:
SpToggleMenuItemMorph(Morph)>>processEvent:using:
MorphicEventDispatcher>>dispatchDefault:with:
 - - - - - - - - - - - - - - -  
			- - - - - - - - - - - - - - - - - -
MorphicEventDispatcher>>handleMouseUp:
MouseButtonEvent>>sentTo:
[ ^ anEvent sentTo: self ] in MorphicEventDispatcher>>dispatchEvent:with:
FullBlockClosure(BlockClosure)>>ensure:
MorphicEventDispatcher>>dispatchEvent:with:
MenuMorph(Morph)>>processEvent:using:
MenuMorph(Morph)>>processEvent:
MenuMorph>>handleFocusEvent:
[
		result := focusHolder handleFocusEvent: transformedEvent.
	] in HandMorph>>sendFocusEvent:to:clear:
FullBlockClosure(BlockClosure)>>on:do:
WorldMorph>>becomeActiveDuring:
HandMorph>>sendFocusEvent:to:clear:
HandMorph>>sendEvent:focus:clear:
HandMorph>>sendMouseEvent:
HandMorph>>handleEvent:
[
		(morphicWorld activeHand isNotNil and: [ anEvent hand isNotNil ]) ifTrue: [
			morphicWorld activeHand handleEvent: anEvent
		]
	] in OSWindowMorphicEventHandler>>dispatchMorphicEvent:
WorldState>>runStepMethodsIn:
WorldMorph>>runStepMethods
WorldState>>doOneCycleFor:
WorldMorph>>doOneCycleNow
WorldMorph>>doOneCycle
[ :w |
				w currentWorld doOneCycle ] in SpMorphicProgressBarAdapter>>updateState
FullBlockClosure(BlockClosure)>>cull:
Morph(ProtoObject)>>ifNotNil:
SpMorphicProgressBarAdapter(SpAbstractAdapter)>>widgetDo:
SpMorphicProgressBarAdapter>>updateState
[ :anAdapter | anAdapter updateState ] in SpProgressBarPresenter>>state:
SpProgressBarPresenter(SpAbstractWidgetPresenter)>>withAdapterPerformOrDefer:
SpProgressBarPresenter>>state:
SpProgressBarPresenter>>fixedAt:
SpJobPresenter>>updatePresenter
SpJobPresenter>>jobChanged:
WeakMessageSend>>value:
WeakMessageSend>>cull:
WeakMessageSend>>cull:cull:
[action cull: anAnnouncement cull: announcer] in WeakAnnouncementSubscription>>deliver:
FullBlockClosure(BlockClosure)>>on:do:
[ Processor terminateRealActive ] in BlockClosure>>on:fork:
-------------------------------------------------------------------------------

THERE_BE_DRAGONS_HERE
Error: command bash -c 'unzip -o -d "/home/tato/Pharo/vms/120-x64" "/home/tato/Pharo/vms/120-x64.zip"' failed
29 June 2024 1:01:29.859025 pm

VM: unix - x86_64 - linux-gnu - CoInterpreter * VMMaker-tonel.1 uuid: ad0a8882-d297-0d00-90d3-62ff092bce84 Mar 30 2022
StackToRegisterMappingCogit * VMMaker-tonel.1 uuid: ad0a8882-d297-0d00-90d3-62ff092bce84 Mar 30 2022
v9.0.14 - Commit: 93600e1 - Date: 2022-03-30 16:40:05 +0200

Image: Pharo10.0.0 [Build information: Pharo-10.0.0+build.514.sha.06180671d95a16c446fe24e3fedb0916c1bcb31a (64 Bit)]

PhLProcessWrapper(Object)>>error:
	Receiver: a PhLProcessWrapper
	Arguments and temporary variables: 
		aString: 	'command bash -c ''unzip -o -d "/home/tato/Pharo/vms/120-x64" "/home/t...etc...
	Receiver's instance variables: 
		process: 	OSSUnixSubprocess(Command: /bin/bash; Pid: 7910; Status: normal termin...etc...
		arguments: 	an OrderedCollection('unzip' '-o' '-d' '"/home/tato/Pharo/vms/120-x6...etc...
		command: 	nil
		workingDirectory: 	nil
		isShellCommand: 	true
		useLoginShell: 	false


PhLProcessWrapper>>runAndWait
	Receiver: a PhLProcessWrapper
	Arguments and temporary variables: 
x
	Receiver's instance variables: 
		process: 	OSSUnixSubprocess(Command: /bin/bash; Pid: 7910; Status: normal termin...etc...
		arguments: 	an OrderedCollection('unzip' '-o' '-d' '"/home/tato/Pharo/vms/120-x6...etc...
		command: 	nil
		workingDirectory: 	nil
		isShellCommand: 	true
		useLoginShell: 	false


PhLVirtualMachineManager class>>systemUnzip:to:
	Receiver: PhLVirtualMachineManager
	Arguments and temporary variables: 
		aZipFileReference: 	{launcherUserFilesLocation}/vms/120-x64.zip
		outputDirectory: 	{launcherUserFilesLocation}//home/tato/Pharo/vms/120-x64
	Receiver's instance variables: 
		superclass: 	Object
		methodDict: 	a MethodDictionary(#availableVirtualMachines->PhLVirtualMachineMana...etc...
		format: 	65539
		layout: 	a FixedLayout
		organization: 	a ClassOrganization
		subclasses: 	{PhLTestVirtualMachineManager}
		name: 	#PhLVirtualMachineManager
		classPool: 	a Dictionary()
		sharedPools: 	an OrderedCollection()
		environment: 	a SystemDictionary(lots of globals)
		category: 	#'PharoLauncher-Core-Download'
		vmStore: 	{launcherUserFilesLocation}/vms


PhLVirtualMachineManager class>>unzip:to:
	Receiver: PhLVirtualMachineManager
	Arguments and temporary variables: 
		aZipFileReference: 	{launcherUserFilesLocation}/vms/120-x64.zip
		outputDirectory: 	{launcherUserFilesLocation}//home/tato/Pharo/vms/120-x64
	Receiver's instance variables: 
		superclass: 	Object
		methodDict: 	a MethodDictionary(#availableVirtualMachines->PhLVirtualMachineMana...etc...
		format: 	65539
		layout: 	a FixedLayout
		organization: 	a ClassOrganization
		subclasses: 	{PhLTestVirtualMachineManager}
		name: 	#PhLVirtualMachineManager
		classPool: 	a Dictionary()
		sharedPools: 	an OrderedCollection()
		environment: 	a SystemDictionary(lots of globals)
		category: 	#'PharoLauncher-Core-Download'
		vmStore: 	{launcherUserFilesLocation}/vms


PhLVirtualMachineManager class>>fetch:to:
	Receiver: PhLVirtualMachineManager
	Arguments and temporary variables: 
		aVmUrl: 	'https://files.pharo.org/get-files/120/pharo-vm-Linux-x86_64-stable.zip...etc...
		targetFile: 	{launcherUserFilesLocation}/vms/120-x64.zip
	Receiver's instance variables: 
		superclass: 	Object
		methodDict: 	a MethodDictionary(#availableVirtualMachines->PhLVirtualMachineMana...etc...
		format: 	65539
		layout: 	a FixedLayout
		organization: 	a ClassOrganization
		subclasses: 	{PhLTestVirtualMachineManager}
		name: 	#PhLVirtualMachineManager
		classPool: 	a Dictionary()
		sharedPools: 	an OrderedCollection()
		environment: 	a SystemDictionary(lots of globals)
		category: 	#'PharoLauncher-Core-Download'
		vmStore: 	{launcherUserFilesLocation}/vms


PhLVirtualMachine>>updateFromUrl
	Receiver: a PhLVirtualMachine(120-x64)
	Arguments and temporary variables: 
x
	Receiver's instance variables: 
		executableRef: 	nil
		vmBinaryRef: 	nil
		name: 	nil
		manager: 	a PhLVirtualMachineManager
		flavour: 	''
		id: 	'120-x64'
		blessing: 	'stable'
		arch: 	'64'


PhLVirtualMachine>>isValidAfterUpdate
	Receiver: a PhLVirtualMachine(120-x64)
	Arguments and temporary variables: 
x
	Receiver's instance variables: 
		executableRef: 	nil
		vmBinaryRef: 	nil
		name: 	nil
		manager: 	a PhLVirtualMachineManager
		flavour: 	''
		id: 	'120-x64'
		blessing: 	'stable'
		arch: 	'64'


PhLLaunchConfiguration>>launchProcess
	Receiver: PhLLaunchConfiguration(Default)
	Arguments and temporary variables: 
x
	Receiver's instance variables: 
		image: 	Image (Pharo 12.0 - 64bit (stable))
		name: 	'Default'
		imageArguments: 	an OrderedCollection()
		usePharoSettings: 	true
		vm: 	a PhLVirtualMachine(120-x64)
		vmArguments: 	nil


[ | processWrapper|
		processWrapper := (aPhLLaunchConfiguration launchProcess) runUnwatch.
		self doNotRunInitializationScript. "Just run, image already initialized"
		^ processWrapper ] in [ [ | processWrapper|
		processWrapper := (aPhLLaunchConfiguration launchProcess) runUnwatch.
		self doNotRunInitializationScript. "Just run, image already initialized"
		^ processWrapper ]
	on: PhLImageVersionDeterminationError
	do: [ :error | error uiAlert ] ] in PhLImage>>launchWithConfiguration:
	Receiver: Image (Pharo 12.0 - 64bit (stable))
	Arguments and temporary variables: 
		architectureWarningEnabled: 	true
		continue: 	true
		aPhLLaunchConfiguration: 	PhLLaunchConfiguration(Default)
		processWrapper: 	nil
	Receiver's instance variables: 
		file: 	{launcherUserFilesLocation}/images/Pharo 12.0 - 64bit (stable)/Pharo 12.0...etc...
		description: 	nil
		formatNumber: 	68021
		architecture: 	'64'
		pharoVersion: 	'120'
		originTemplate: 	Image template (Pharo 12.0 - 64bit (stable))
		vmManager: 	a PhLVirtualMachineManager
		launchConfigurations: 	an OrderedCollection(PhLLaunchConfiguration(Default))
		initializationScript: 	nil
		shouldRunInitializationScript: 	true


FullBlockClosure(BlockClosure)>>on:do:
	Receiver: [ | processWrapper|
		processWrapper := (aPhLLaunchConfiguration launchProcess) runUnwatch...etc...
	Arguments and temporary variables: 
		exception: 	PhLImageVersionDeterminationError
		handlerAction: 	[ :error | error uiAlert ]
	Receiver's instance variables: 
		outerContext: 	[ [ | processWrapper|
		processWrapper := (aPhLLaunchConfiguratio...etc...
		startpc: 	a CompiledBlock: [ | processWrapper|
		processWrapper := (aPhLLaunchCo...etc...
		numArgs: 	0
		receiver: 	Image (Pharo 12.0 - 64bit (stable))


[ [ | processWrapper|
		processWrapper := (aPhLLaunchConfiguration launchProcess) runUnwatch.
		self doNotRunInitializationScript. "Just run, image already initialized"
		^ processWrapper ]
	on: PhLImageVersionDeterminationError
	do: [ :error | error uiAlert ] ] in PhLImage>>launchWithConfiguration:
	Receiver: Image (Pharo 12.0 - 64bit (stable))
	Arguments and temporary variables: 
		architectureWarningEnabled: 	true
		continue: 	true
		aPhLLaunchConfiguration: 	PhLLaunchConfiguration(Default)
	Receiver's instance variables: 
		file: 	{launcherUserFilesLocation}/images/Pharo 12.0 - 64bit (stable)/Pharo 12.0...etc...
		description: 	nil
		formatNumber: 	68021
		architecture: 	'64'
		pharoVersion: 	'120'
		originTemplate: 	Image template (Pharo 12.0 - 64bit (stable))
		vmManager: 	a PhLVirtualMachineManager
		launchConfigurations: 	an OrderedCollection(PhLLaunchConfiguration(Default))
		initializationScript: 	nil
		shouldRunInitializationScript: 	true


FullBlockClosure(BlockClosure)>>on:do:
	Receiver: [ [ | processWrapper|
		processWrapper := (aPhLLaunchConfiguration launchProcess) runUnwat...etc...
	Arguments and temporary variables: 
		exception: 	PhLArchitectureMismatchWarning
		handlerAction: 	[ :warning |
		architectureWarningEnabled ifTrue: [ 	
			archite...etc...
	Receiver's instance variables: 
		outerContext: 	PhLImage>>launchWithConfiguration:
		startpc: 	a CompiledBlock: [ [ | processWrapper|
		processWrapper := (aPhLLaunch...etc...
		numArgs: 	0
		receiver: 	Image (Pharo 12.0 - 64bit (stable))


PhLImage>>launchWithConfiguration:
	Receiver: Image (Pharo 12.0 - 64bit (stable))
	Arguments and temporary variables: 
		architectureWarningEnabled: 	true
		continue: 	true
		aPhLLaunchConfiguration: 	PhLLaunchConfiguration(Default)
	Receiver's instance variables: 
		file: 	{launcherUserFilesLocation}/images/Pharo 12.0 - 64bit (stable)/Pharo 12.0...etc...
		description: 	nil
		formatNumber: 	68021
		architecture: 	'64'
		pharoVersion: 	'120'
		originTemplate: 	Image template (Pharo 12.0 - 64bit (stable))
		vmManager: 	a PhLVirtualMachineManager
		launchConfigurations: 	an OrderedCollection(PhLLaunchConfiguration(Default))
		initializationScript: 	nil
		shouldRunInitializationScript: 	true


[ 
		launchConfig := self launchConfigurationOfImage: aPhLImage.
		launchConfig useSettings: useSettings.
		process := aPhLImage launchWithConfiguration: launchConfig ] in PhLLaunchImageCommand>>launchImage:
	Receiver: a PhLLaunchImageCommand
	Arguments and temporary variables: 
		aPhLImage: 	Image (Pharo 12.0 - 64bit (stable))
		process: 	nil
		launchConfig: 	PhLLaunchConfiguration(Default)
	Receiver's instance variables: 
		context: 	a PhLImagesPresenter
		basicName: 	'Launch'
		basicDescription: 	'Launch the selected image with the appropriate virtual machi...etc...
		useSettings: 	true


FullBlockClosure(BlockClosure)>>on:do:
	Receiver: [ 
		launchConfig := self launchConfigurationOfImage: aPhLImage.
		launchConfig useSetting...etc...
	Arguments and temporary variables: 
		exception: 	PhLError
		handlerAction: 	[ :error | error uiAlert. ^ process ]
	Receiver's instance variables: 
		outerContext: 	PhLLaunchImageCommand>>launchImage:
		startpc: 	a CompiledBlock: [ 
		launchConfig := self launchConfigurationOfImage:...etc...
		numArgs: 	0
		receiver: 	a PhLLaunchImageCommand


PhLLaunchImageCommand>>launchImage:
	Receiver: a PhLLaunchImageCommand
	Arguments and temporary variables: 
		process: 	nil
		launchConfig: 	PhLLaunchConfiguration(Default)
		aPhLImage: 	Image (Pharo 12.0 - 64bit (stable))
	Receiver's instance variables: 
		context: 	a PhLImagesPresenter
		basicName: 	'Launch'
		basicDescription: 	'Launch the selected image with the appropriate virtual machi...etc...
		useSettings: 	true


PhLLaunchImageCommand>>launchSelectedImage
	Receiver: a PhLLaunchImageCommand
	Arguments and temporary variables: 
x
	Receiver's instance variables: 
		context: 	a PhLImagesPresenter
		basicName: 	'Launch'
		basicDescription: 	'Launch the selected image with the appropriate virtual machi...etc...
		useSettings: 	true


PhLLaunchImageCommand>>execute
	Receiver: a PhLLaunchImageCommand
	Arguments and temporary variables: 
x
	Receiver's instance variables: 
		context: 	a PhLImagesPresenter
		basicName: 	'Launch'
		basicDescription: 	'Launch the selected image with the appropriate virtual machi...etc...
		useSettings: 	true


SpCommand(CmCommandDecorator)>>execute
	Receiver: a SpCommand(Launch)
	Arguments and temporary variables: 
x
	Receiver's instance variables: 
		decoratedCommand: 	a PhLLaunchImageCommand
		iconProvider: 	a ThemeIcons(idea11)
		iconName: 	#smallDoItIcon
		shortcutKey: 	Meta + L
		displayStrategy: 	a CmUIDisableWhenCantBeRun
		positionStrategy: 	a CmUILeftPositionStrategy
		buildPresenterBlock: 	[ :specCommand | 
			aButtonClass new
				label: specComma...etc...
		presenter: 	nil


[ aCommand execute ] in SpMenuPresenterBuilder>>fillItem:with:
	Receiver: a SpMenuPresenterBuilder
	Arguments and temporary variables: 
		aMenuItem: 	a SpMenuItemPresenter
		aCommand: 	a SpCommand(Launch)
	Receiver's instance variables: 
		menuPresenter: 	a SpMenuPresenter
		stack: 	a Stack(a SpMenuPresenter)


FullBlockClosure(BlockClosure)>>cull:
	Receiver: [ aCommand execute ]
	Arguments and temporary variables: 
		anArg: 	a SpMorphicMenuItemAdapter
	Receiver's instance variables: 
		outerContext: 	SpMenuPresenterBuilder>>fillItem:with:
		startpc: 	a CompiledBlock: [ aCommand execute ]
		numArgs: 	0
		receiver: 	a SpMenuPresenterBuilder


SpMenuItemPresenter>>performMenuActionWith:
	Receiver: a SpMenuItemPresenter
	Arguments and temporary variables: 
		aMenuItem: 	a SpMorphicMenuItemAdapter
		en: 	true
	Receiver's instance variables: 
		dependents: 	a DependentsArray(a SpMorphicMenuItemAdapter)
		announcer: 	an Announcer
		owner: 	a SpMenuGroupPresenter
		adapter: 	a SpMorphicMenuItemAdapter
		needRebuild: 	true
		eventHandler: 	nil
		application: 	nil
		focusOrder: 	nil
		contextKeyBindings: 	an ObservableValueHolder[ nil ]
		windowIcon: 	an ObservableValueHolder[ nil ]
		aboutText: 	an ObservableValueHolder[ nil ]
		askOkToClose: 	an ObservableValueHolder[ false ]
		titleHolder: 	an ObservableValueHolder[ 'Untitled window' ]
		additionalSubpresentersMap: 	nil
		layout: 	an ObservableValueHolder[ a SpAbstractWidgetLayout ]
		visible: 	an ObservableValueHolder[ true ]
		extent: 	an ObservableValueHolder[ nil ]
		styles: 	#()
		borderWidth: 	an ObservableValueHolder[ nil ]
		borderColor: 	an ObservableValueHolder[ nil ]
		dragEnabled: 	an ObservableValueHolder[ false ]
		dropEnabled: 	an ObservableValueHolder[ false ]
		color: 	an ObservableValueHolder[ nil ]
		help: 	an ObservableValueHolder[ nil ]
		enabled: 	an ObservableValueHolder[ true ]
		wantsDrop: 	an ObservableValueHolder[ [ :transfer | self dropEnabled ] ]
		acceptDrop: 	an ObservableValueHolder[ [ :transfer | ] ]
		deferredActions: 	nil
		name: 	an ObservableValueHolder[ 'Launch' ]
		icon: 	an ObservableValueHolder[ Form(13x13x32) ]
		description: 	an ObservableValueHolder[ 'Launch the selected image with the appr...etc...
		action: 	[ aCommand execute ]
		shortcut: 	Meta + L
		subMenu: 	nil
		state: 	nil


SpMorphicMenuItemAdapter>>performMenuActionWith:
	Receiver: a SpMorphicMenuItemAdapter
	Arguments and temporary variables: 
		arguments: 	a SpMorphicMenuItemAdapter
	Receiver's instance variables: 
		dependents: 	nil
		announcer: 	nil
		model: 	a SpMenuItemPresenter
		widget: 	a SpToggleMenuItemMorph(672765696)'Launch'
		selector: 	nil
		owner: 	a SpMenuItemPresenter
		unsubscribed: 	false


[ | selArgCount |  "show cursor in case item opens a new MVC window"
		(selArgCount := selector numArgs) = 0
			ifTrue:
				[target perform: selector]
			ifFalse:
				[selArgCount = arguments size
					ifTrue: [target perform: selector withArguments: arguments]
					ifFalse: [target perform: selector withArguments: (arguments copyWith: evt)]].
		self showShortcut.
		self changed] in SpToggleMenuItemMorph(MenuItemMorph)>>invokeWithEvent:
	Receiver: a SpToggleMenuItemMorph(672765696)'Launch'
	Arguments and temporary variables: 
		evt: 	[(298@107) mouseUp 5687525 nil]
		w: 	a WorldMorph(757016832) [world]
		selArgCount: 	1
	Receiver's instance variables: 
		bounds: 	(295.0@99.0) corner: (512.0@116.0)
		owner: 	a MenuMorph(571098112)
		submorphs: 	#()
		fullBounds: 	(295.0@99.0) corner: (512.0@116.0)
		color: 	Color black
		extension: 	a MorphExtension (139433216) [balloonText]  [other:  (presenter -> a...etc...
		font: 	a LogicalFont
 familyName: 'Source Sans Pro'
 emphasis: nil
 pointSize: 1...etc...
		emphasis: 	0
		contents: 	'Launch'
		hasFocus: 	false
		backgroundColor: 	Color transparent
		isEnabled: 	true
		subMenu: 	nil
		isSelected: 	false
		target: 	a SpMorphicMenuItemAdapter
		selector: 	#performMenuActionWith:
		arguments: 	an Array(a SpMorphicMenuItemAdapter)
		icon: 	Form(13x13x32)
		keyText: 	'Ctrl+L'
		getStateSelector: 	nil
		enablementSelector: 	#enabled


FullBlockClosure(BlockClosure)>>ensure:
	Receiver: [ | selArgCount |  "show cursor in case item opens a new MVC window"
		(selArgCount := sel...etc...
	Arguments and temporary variables: 
		aBlock: 	[oldcursor show]
		complete: 	nil
		returnValue: 	nil
	Receiver's instance variables: 
		outerContext: 	SpToggleMenuItemMorph(MenuItemMorph)>>invokeWithEvent:
		startpc: 	a CompiledBlock: [ | selArgCount |  "show cursor in case item opens a ...etc...
		numArgs: 	0
		receiver: 	a SpToggleMenuItemMorph(672765696)'Launch'


CursorWithMask(Cursor)>>showWhile:
	Receiver: ((CursorWithMask
	extent: (16@16)
	depth: 1
	fromArray: #(
		2r0
		2r100000000000000000000...etc...
	Arguments and temporary variables: 
		aBlock: 	[ | selArgCount |  "show cursor in case item opens a new MVC window"
		...etc...
		oldcursor: 	((CursorWithMask
	extent: (16@16)
	depth: 1
	fromArray: #(
		2r0
		2...etc...
	Receiver's instance variables: 
		bits: 	a Bitmap of length 16
		width: 	16
		height: 	16
		depth: 	1
		offset: 	(-1@ -1)
		maskForm: 	Form(16x16x1)


SpToggleMenuItemMorph(MenuItemMorph)>>invokeWithEvent:
	Receiver: a SpToggleMenuItemMorph(672765696)'Launch'
	Arguments and temporary variables: 
		evt: 	[(298@107) mouseUp 5687525 nil]
		w: 	a WorldMorph(757016832) [world]
	Receiver's instance variables: 
		bounds: 	(295.0@99.0) corner: (512.0@116.0)
		owner: 	a MenuMorph(571098112)
		submorphs: 	#()
		fullBounds: 	(295.0@99.0) corner: (512.0@116.0)
		color: 	Color black
		extension: 	a MorphExtension (139433216) [balloonText]  [other:  (presenter -> a...etc...
		font: 	a LogicalFont
 familyName: 'Source Sans Pro'
 emphasis: nil
 pointSize: 1...etc...
		emphasis: 	0
		contents: 	'Launch'
		hasFocus: 	false
		backgroundColor: 	Color transparent
		isEnabled: 	true
		subMenu: 	nil
		isSelected: 	false
		target: 	a SpMorphicMenuItemAdapter
		selector: 	#performMenuActionWith:
		arguments: 	an Array(a SpMorphicMenuItemAdapter)
		icon: 	Form(13x13x32)
		keyText: 	'Ctrl+L'
		getStateSelector: 	nil
		enablementSelector: 	#enabled


SpToggleMenuItemMorph(MenuItemMorph)>>mouseUp:
	Receiver: a SpToggleMenuItemMorph(672765696)'Launch'
	Arguments and temporary variables: 
		evt: 	[(298@107) mouseUp 5687525 nil]
	Receiver's instance variables: 
		bounds: 	(295.0@99.0) corner: (512.0@116.0)
		owner: 	a MenuMorph(571098112)
		submorphs: 	#()
		fullBounds: 	(295.0@99.0) corner: (512.0@116.0)
		color: 	Color black
		extension: 	a MorphExtension (139433216) [balloonText]  [other:  (presenter -> a...etc...
		font: 	a LogicalFont
 familyName: 'Source Sans Pro'
 emphasis: nil
 pointSize: 1...etc...
		emphasis: 	0
		contents: 	'Launch'
		hasFocus: 	false
		backgroundColor: 	Color transparent
		isEnabled: 	true
		subMenu: 	nil
		isSelected: 	false
		target: 	a SpMorphicMenuItemAdapter
		selector: 	#performMenuActionWith:
		arguments: 	an Array(a SpMorphicMenuItemAdapter)
		icon: 	Form(13x13x32)
		keyText: 	'Ctrl+L'
		getStateSelector: 	nil
		enablementSelector: 	#enabled


SpToggleMenuItemMorph(MenuItemMorph)>>handleMouseUp:
	Receiver: a SpToggleMenuItemMorph(672765696)'Launch'
	Arguments and temporary variables: 
		anEvent: 	[(298@107) mouseUp 5687525 nil]
	Receiver's instance variables: 
		bounds: 	(295.0@99.0) corner: (512.0@116.0)
		owner: 	a MenuMorph(571098112)
		submorphs: 	#()
		fullBounds: 	(295.0@99.0) corner: (512.0@116.0)
		color: 	Color black
		extension: 	a MorphExtension (139433216) [balloonText]  [other:  (presenter -> a...etc...
		font: 	a LogicalFont
 familyName: 'Source Sans Pro'
 emphasis: nil
 pointSize: 1...etc...
		emphasis: 	0
		contents: 	'Launch'
		hasFocus: 	false
		backgroundColor: 	Color transparent
		isEnabled: 	true
		subMenu: 	nil
		isSelected: 	false
		target: 	a SpMorphicMenuItemAdapter
		selector: 	#performMenuActionWith:
		arguments: 	an Array(a SpMorphicMenuItemAdapter)
		icon: 	Form(13x13x32)
		keyText: 	'Ctrl+L'
		getStateSelector: 	nil
		enablementSelector: 	#enabled


MouseButtonEvent>>sentTo:
	Receiver: [(298@107) mouseUp 5687525 nil]
	Arguments and temporary variables: 
		anObject: 	a SpToggleMenuItemMorph(672765696)'Launch'
	Receiver's instance variables: 
		timeStamp: 	5687525
		source: 	a HandMorph(187254272)
		windowIndex: 	nil
		type: 	#mouseUp
		buttons: 	0
		position: 	(298@107)
		handler: 	nil
		wasHandled: 	true
		whichButton: 	4


SpToggleMenuItemMorph(Morph)>>handleEvent:
	Receiver: a SpToggleMenuItemMorph(672765696)'Launch'
	Arguments and temporary variables: 
		anEvent: 	[(298@107) mouseUp 5687525 nil]
	Receiver's instance variables: 
		bounds: 	(295.0@99.0) corner: (512.0@116.0)
		owner: 	a MenuMorph(571098112)
		submorphs: 	#()
		fullBounds: 	(295.0@99.0) corner: (512.0@116.0)
		color: 	Color black
		extension: 	a MorphExtension (139433216) [balloonText]  [other:  (presenter -> a...etc...
		font: 	a LogicalFont
 familyName: 'Source Sans Pro'
 emphasis: nil
 pointSize: 1...etc...
		emphasis: 	0
		contents: 	'Launch'
		hasFocus: 	false
		backgroundColor: 	Color transparent
		isEnabled: 	true
		subMenu: 	nil
		isSelected: 	false
		target: 	a SpMorphicMenuItemAdapter
		selector: 	#performMenuActionWith:
		arguments: 	an Array(a SpMorphicMenuItemAdapter)
		icon: 	Form(13x13x32)
		keyText: 	'Ctrl+L'
		getStateSelector: 	nil
		enablementSelector: 	#enabled


MorphicEventDispatcher>>dispatchDefault:with:
	Receiver: a MorphicEventDispatcher
	Arguments and temporary variables: 
		anEvent: 	[(298@107) mouseUp 5687525 nil]
		aMorph: 	a SpToggleMenuItemMorph(672765696)'Launch'
		localEvt: 	nil
		index: 	1
		child: 	nil
		morphs: 	#()
		inside: 	true
	Receiver's instance variables: 
		morph: 	a SpToggleMenuItemMorph(672765696)'Launch'


MorphicEventDispatcher>>handleMouseUp:
	Receiver: a MorphicEventDispatcher
	Arguments and temporary variables: 
		anEvent: 	[(298@107) mouseUp 5687525 nil]
	Receiver's instance variables: 
		morph: 	a SpToggleMenuItemMorph(672765696)'Launch'


MouseButtonEvent>>sentTo:
	Receiver: [(298@107) mouseUp 5687525 nil]
	Arguments and temporary variables: 
		anObject: 	a MorphicEventDispatcher
	Receiver's instance variables: 
		timeStamp: 	5687525
		source: 	a HandMorph(187254272)
		windowIndex: 	nil
		type: 	#mouseUp
		buttons: 	0
		position: 	(298@107)
		handler: 	nil
		wasHandled: 	true
		whichButton: 	4


[ ^ anEvent sentTo: self ] in MorphicEventDispatcher>>dispatchEvent:with:
	Receiver: a MorphicEventDispatcher
	Arguments and temporary variables: 
		anEvent: 	[(298@107) mouseUp 5687525 nil]
		aMorph: 	a SpToggleMenuItemMorph(672765696)'Launch'
	Receiver's instance variables: 
		morph: 	a SpToggleMenuItemMorph(672765696)'Launch'


FullBlockClosure(BlockClosure)>>ensure:
	Receiver: [ ^ anEvent sentTo: self ]
	Arguments and temporary variables: 
		aBlock: 	[ morph := nil ]
		complete: 	nil
		returnValue: 	nil
	Receiver's instance variables: 
		outerContext: 	MorphicEventDispatcher>>dispatchEvent:with:
		startpc: 	a CompiledBlock: [ ^ anEvent sentTo: self ]
		numArgs: 	0
		receiver: 	a MorphicEventDispatcher


MorphicEventDispatcher>>dispatchEvent:with:
	Receiver: a MorphicEventDispatcher
	Arguments and temporary variables: 
		anEvent: 	[(298@107) mouseUp 5687525 nil]
		aMorph: 	a SpToggleMenuItemMorph(672765696)'Launch'
	Receiver's instance variables: 
		morph: 	a SpToggleMenuItemMorph(672765696)'Launch'


SpToggleMenuItemMorph(Morph)>>processEvent:using:
	Receiver: a SpToggleMenuItemMorph(672765696)'Launch'
	Arguments and temporary variables: 
		anEvent: 	[(298@107) mouseUp 5687525 nil]
		defaultDispatcher: 	a MorphicEventDispatcher
	Receiver's instance variables: 
		bounds: 	(295.0@99.0) corner: (512.0@116.0)
		owner: 	a MenuMorph(571098112)
		submorphs: 	#()
		fullBounds: 	(295.0@99.0) corner: (512.0@116.0)
		color: 	Color black
		extension: 	a MorphExtension (139433216) [balloonText]  [other:  (presenter -> a...etc...
		font: 	a LogicalFont
 familyName: 'Source Sans Pro'
 emphasis: nil
 pointSize: 1...etc...
		emphasis: 	0
		contents: 	'Launch'
		hasFocus: 	false
		backgroundColor: 	Color transparent
		isEnabled: 	true
		subMenu: 	nil
		isSelected: 	false
		target: 	a SpMorphicMenuItemAdapter
		selector: 	#performMenuActionWith:
		arguments: 	an Array(a SpMorphicMenuItemAdapter)
		icon: 	Form(13x13x32)
		keyText: 	'Ctrl+L'
		getStateSelector: 	nil
		enablementSelector: 	#enabled


MorphicEventDispatcher>>dispatchDefault:with:
	Receiver: a MorphicEventDispatcher
	Arguments and temporary variables: 
		anEvent: 	[(298@107) mouseUp 5687525 nil]
		aMorph: 	a MenuMorph(571098112)
		localEvt: 	[(298@107) mouseUp 5687525 nil]
		index: 	1
		child: 	a SpToggleMenuItemMorph(672765696)'Launch'
		morphs: 	an Array(a SpToggleMenuItemMorph(672765696)'Launch' a SpToggleMenuItemM...etc...
		inside: 	false
	Receiver's instance variables: 
		morph: 	a SpToggleMenuItemMorph(672765696)'Launch'



--- The full stack ---
PhLProcessWrapper(Object)>>error:
PhLProcessWrapper>>runAndWait
PhLVirtualMachineManager class>>systemUnzip:to:
PhLVirtualMachineManager class>>unzip:to:
PhLVirtualMachineManager class>>fetch:to:
PhLVirtualMachine>>updateFromUrl
PhLVirtualMachine>>isValidAfterUpdate
PhLLaunchConfiguration>>launchProcess
[ | processWrapper|
		processWrapper := (aPhLLaunchConfiguration launchProcess) runUnwatch.
		self doNotRunInitializationScript. "Just run, image already initialized"
		^ processWrapper ] in [ [ | processWrapper|
		processWrapper := (aPhLLaunchConfiguration launchProcess) runUnwatch.
		self doNotRunInitializationScript. "Just run, image already initialized"
		^ processWrapper ]
	on: PhLImageVersionDeterminationError
	do: [ :error | error uiAlert ] ] in PhLImage>>launchWithConfiguration:
FullBlockClosure(BlockClosure)>>on:do:
[ [ | processWrapper|
		processWrapper := (aPhLLaunchConfiguration launchProcess) runUnwatch.
		self doNotRunInitializationScript. "Just run, image already initialized"
		^ processWrapper ]
	on: PhLImageVersionDeterminationError
	do: [ :error | error uiAlert ] ] in PhLImage>>launchWithConfiguration:
FullBlockClosure(BlockClosure)>>on:do:
PhLImage>>launchWithConfiguration:
[ 
		launchConfig := self launchConfigurationOfImage: aPhLImage.
		launchConfig useSettings: useSettings.
		process := aPhLImage launchWithConfiguration: launchConfig ] in PhLLaunchImageCommand>>launchImage:
FullBlockClosure(BlockClosure)>>on:do:
PhLLaunchImageCommand>>launchImage:
PhLLaunchImageCommand>>launchSelectedImage
PhLLaunchImageCommand>>execute
SpCommand(CmCommandDecorator)>>execute
[ aCommand execute ] in SpMenuPresenterBuilder>>fillItem:with:
FullBlockClosure(BlockClosure)>>cull:
SpMenuItemPresenter>>performMenuActionWith:
SpMorphicMenuItemAdapter>>performMenuActionWith:
[ | selArgCount |  "show cursor in case item opens a new MVC window"
		(selArgCount := selector numArgs) = 0
			ifTrue:
				[target perform: selector]
			ifFalse:
				[selArgCount = arguments size
					ifTrue: [target perform: selector withArguments: arguments]
					ifFalse: [target perform: selector withArguments: (arguments copyWith: evt)]].
		self showShortcut.
		self changed] in SpToggleMenuItemMorph(MenuItemMorph)>>invokeWithEvent:
FullBlockClosure(BlockClosure)>>ensure:
CursorWithMask(Cursor)>>showWhile:
SpToggleMenuItemMorph(MenuItemMorph)>>invokeWithEvent:
SpToggleMenuItemMorph(MenuItemMorph)>>mouseUp:
SpToggleMenuItemMorph(MenuItemMorph)>>handleMouseUp:
MouseButtonEvent>>sentTo:
SpToggleMenuItemMorph(Morph)>>handleEvent:
MorphicEventDispatcher>>dispatchDefault:with:
MorphicEventDispatcher>>handleMouseUp:
MouseButtonEvent>>sentTo:
[ ^ anEvent sentTo: self ] in MorphicEventDispatcher>>dispatchEvent:with:
FullBlockClosure(BlockClosure)>>ensure:
MorphicEventDispatcher>>dispatchEvent:with:
SpToggleMenuItemMorph(Morph)>>processEvent:using:
MorphicEventDispatcher>>dispatchDefault:with:
 - - - - - - - - - - - - - - -  
			- - - - - - - - - - - - - - - - - -
MorphicEventDispatcher>>handleMouseUp:
MouseButtonEvent>>sentTo:
[ ^ anEvent sentTo: self ] in MorphicEventDispatcher>>dispatchEvent:with:
FullBlockClosure(BlockClosure)>>ensure:
MorphicEventDispatcher>>dispatchEvent:with:
MenuMorph(Morph)>>processEvent:using:
MenuMorph(Morph)>>processEvent:
MenuMorph>>handleFocusEvent:
[
		result := focusHolder handleFocusEvent: transformedEvent.
	] in HandMorph>>sendFocusEvent:to:clear:
FullBlockClosure(BlockClosure)>>on:do:
WorldMorph>>becomeActiveDuring:
HandMorph>>sendFocusEvent:to:clear:
HandMorph>>sendEvent:focus:clear:
HandMorph>>sendMouseEvent:
HandMorph>>handleEvent:
[
		(morphicWorld activeHand isNotNil and: [ anEvent hand isNotNil ]) ifTrue: [
			morphicWorld activeHand handleEvent: anEvent
		]
	] in OSWindowMorphicEventHandler>>dispatchMorphicEvent:
WorldState>>runStepMethodsIn:
WorldMorph>>runStepMethods
WorldState>>doOneCycleFor:
WorldMorph>>doOneCycleNow
WorldMorph>>doOneCycle
[ :w |
				w currentWorld doOneCycle ] in SpMorphicProgressBarAdapter>>updateState
FullBlockClosure(BlockClosure)>>cull:
Morph(ProtoObject)>>ifNotNil:
SpMorphicProgressBarAdapter(SpAbstractAdapter)>>widgetDo:
SpMorphicProgressBarAdapter>>updateState
[ :anAdapter | anAdapter updateState ] in SpProgressBarPresenter>>state:
SpProgressBarPresenter(SpAbstractWidgetPresenter)>>withAdapterPerformOrDefer:
SpProgressBarPresenter>>state:
SpProgressBarPresenter>>fixedAt:
SpJobPresenter>>updatePresenter
SpJobPresenter>>jobChanged:
WeakMessageSend>>value:
WeakMessageSend>>cull:
WeakMessageSend>>cull:cull:
[action cull: anAnnouncement cull: announcer] in WeakAnnouncementSubscription>>deliver:
FullBlockClosure(BlockClosure)>>on:do:
[ Processor terminateRealActive ] in BlockClosure>>on:fork:
-------------------------------------------------------------------------------

THERE_BE_DRAGONS_HERE

29 June 2024 1:01:55.176134 pm

VM: unix - x86_64 - linux-gnu - CoInterpreter * VMMaker-tonel.1 uuid: ad0a8882-d297-0d00-90d3-62ff092bce84 Mar 30 2022
StackToRegisterMappingCogit * VMMaker-tonel.1 uuid: ad0a8882-d297-0d00-90d3-62ff092bce84 Mar 30 2022
v9.0.14 - Commit: 93600e1 - Date: 2022-03-30 16:40:05 +0200

Image: Pharo10.0.0 [Build information: Pharo-10.0.0+build.514.sha.06180671d95a16c446fe24e3fedb0916c1bcb31a (64 Bit)]

Process>>doTerminationFromAnotherProcess
	Receiver: a Process in Process>>endProcess
	Arguments and temporary variables: 
		outerMost: 	nil
		ctxt: 	nil
		oldList: 	nil
		unwindBlock: 	nil
	Receiver's instance variables: 
		nextLink: 	nil
		suspendedContext: 	Process>>endProcess
		priority: 	79
		myList: 	nil
		name: 	'Pharo Launcher image description save process'
		env: 	nil
		effectiveProcess: 	nil
		terminating: 	true
		level: 	nil


Process>>terminate
	Receiver: a Process in Process>>endProcess
	Arguments and temporary variables: 
x
	Receiver's instance variables: 
		nextLink: 	nil
		suspendedContext: 	Process>>endProcess
		priority: 	79
		myList: 	nil
		name: 	'Pharo Launcher image description save process'
		env: 	nil
		effectiveProcess: 	nil
		terminating: 	true
		level: 	nil


PhLImageDescriptionUpdater>>terminateProcess
	Receiver: a PhLImageDescriptionUpdater
	Arguments and temporary variables: 
x
	Receiver's instance variables: 
		image: 	Image (myNewImage)
		description: 	'There is no description'
		process: 	a Process in Process>>endProcess
		saveBlock: 	nil


PhLImageDescriptionUpdater>>image:description:
	Receiver: a PhLImageDescriptionUpdater
	Arguments and temporary variables: 
		aPhLImage: 	Image (Pharo 12.0 - 64bit (stable))
		aString: 	''
	Receiver's instance variables: 
		image: 	Image (myNewImage)
		description: 	'There is no description'
		process: 	a Process in Process>>endProcess
		saveBlock: 	nil


PhLImageDescriptionUpdater class>>image:description:
	Receiver: PhLImageDescriptionUpdater
	Arguments and temporary variables: 
		aPhLImage: 	Image (Pharo 12.0 - 64bit (stable))
		aString: 	''
	Receiver's instance variables: 
		superclass: 	Object
		methodDict: 	a MethodDictionary(#doSave->PhLImageDescriptionUpdater>>#doSave #im...etc...
		format: 	65540
		layout: 	a FixedLayout
		organization: 	a ClassOrganization
		subclasses: 	{PhLImageDescriptionUpdaterMock}
		name: 	#PhLImageDescriptionUpdater
		classPool: 	a Dictionary()
		sharedPools: 	an OrderedCollection()
		environment: 	a SystemDictionary(lots of globals)
		category: 	#'PharoLauncher-Core-Model'
		Default: 	a PhLImageDescriptionUpdater


PhLImageDetailPresenter>>updateImageDescription:
	Receiver: a PhLImageDetailPresenter
	Arguments and temporary variables: 
		text: 	''
	Receiver's instance variables: 
		dependents: 	a DependentsArray(a SpMorphicBoxAdapter a SpMorphicGridAdapter)
		announcer: 	an Announcer
		owner: 	a PhLImagesPresenter
		adapter: 	nil
		needRebuild: 	true
		eventHandler: 	nil
		application: 	nil
		focusOrder: 	nil
		contextKeyBindings: 	an ObservableValueHolder[ nil ]
		windowIcon: 	an ObservableValueHolder[ nil ]
		aboutText: 	an ObservableValueHolder[ nil ]
		askOkToClose: 	an ObservableValueHolder[ false ]
		titleHolder: 	an ObservableValueHolder[ 'Untitled window' ]
		additionalSubpresentersMap: 	nil
		layout: 	an ObservableValueHolder[ a SpBoxLayout ]
		visible: 	an ObservableValueHolder[ true ]
		extent: 	an ObservableValueHolder[ nil ]
		styles: 	#()
		announcingObject: 	a NewValueHolder[ Image (Pharo 12.0 - 64bit (stable)) ]
		description: 	a SpTextPresenter
		imageLabel: 	a SpLabelPresenter
		template: 	a SpLabelPresenter
		initializationScript: 	a SpLabelPresenter
		location: 	a SpLabelPresenter
		vm: 	a SpTextInputFieldPresenter
		templateUrl: 	a SpLabelPresenter
		shouldRunInitializationScript: 	a SpCheckBoxPresenter
		updating: 	false


[ :text | self updateImageDescription: text ] in PhLImageDetailPresenter>>connectPresenters
	Receiver: a PhLImageDetailPresenter
	Arguments and temporary variables: 
		text: 	''
	Receiver's instance variables: 
		dependents: 	a DependentsArray(a SpMorphicBoxAdapter a SpMorphicGridAdapter)
		announcer: 	an Announcer
		owner: 	a PhLImagesPresenter
		adapter: 	nil
		needRebuild: 	true
		eventHandler: 	nil
		application: 	nil
		focusOrder: 	nil
		contextKeyBindings: 	an ObservableValueHolder[ nil ]
		windowIcon: 	an ObservableValueHolder[ nil ]
		aboutText: 	an ObservableValueHolder[ nil ]
		askOkToClose: 	an ObservableValueHolder[ false ]
		titleHolder: 	an ObservableValueHolder[ 'Untitled window' ]
		additionalSubpresentersMap: 	nil
		layout: 	an ObservableValueHolder[ a SpBoxLayout ]
		visible: 	an ObservableValueHolder[ true ]
		extent: 	an ObservableValueHolder[ nil ]
		styles: 	#()
		announcingObject: 	a NewValueHolder[ Image (Pharo 12.0 - 64bit (stable)) ]
		description: 	a SpTextPresenter
		imageLabel: 	a SpLabelPresenter
		template: 	a SpLabelPresenter
		initializationScript: 	a SpLabelPresenter
		location: 	a SpLabelPresenter
		vm: 	a SpTextInputFieldPresenter
		templateUrl: 	a SpLabelPresenter
		shouldRunInitializationScript: 	a SpCheckBoxPresenter
		updating: 	false


FullBlockClosure(BlockClosure)>>cull:
	Receiver: [ :text | self updateImageDescription: text ]
	Arguments and temporary variables: 
		anArg: 	''
	Receiver's instance variables: 
		outerContext: 	PhLImageDetailPresenter>>connectPresenters
		startpc: 	a CompiledBlock: [ :text | self updateImageDescription: text ]
		numArgs: 	1
		receiver: 	a PhLImageDetailPresenter


FullBlockClosure(BlockClosure)>>cull:cull:
	Receiver: [ :text | self updateImageDescription: text ]
	Arguments and temporary variables: 
		firstArg: 	''
		secondArg: 	'There is no description'
	Receiver's instance variables: 
		outerContext: 	PhLImageDetailPresenter>>connectPresenters
		startpc: 	a CompiledBlock: [ :text | self updateImageDescription: text ]
		numArgs: 	1
		receiver: 	a PhLImageDetailPresenter


[ :block | block cull: self value cull: oldValue ] in ObservableValueHolder>>valueChanged:
	Receiver: an ObservableValueHolder[ '' ]
	Arguments and temporary variables: 
		oldValue: 	'There is no description'
		block: 	[ :text | self updateImageDescription: text ]
	Receiver's instance variables: 
		subscriptions: 	an OrderedCollection([ self changed: #getText ] [ :text | self u...etc...
		lock: 	true
		value: 	''


OrderedCollection>>do:
	Receiver: an OrderedCollection([ self changed: #getText ] [ :text | self updateImageDescription: tex...etc...
	Arguments and temporary variables: 
		aBlock: 	[ :block | block cull: self value cull: oldValue ]
		index: 	2
	Receiver's instance variables: 
		array: 	an Array([ self changed: #getText ] [ :text | self updateImageDescriptio...etc...
		firstIndex: 	1
		lastIndex: 	2


ObservableValueHolder>>valueChanged:
	Receiver: an ObservableValueHolder[ '' ]
	Arguments and temporary variables: 
		oldValue: 	'There is no description'
	Receiver's instance variables: 
		subscriptions: 	an OrderedCollection([ self changed: #getText ] [ :text | self u...etc...
		lock: 	true
		value: 	''


[ | oldValue |
	oldValue := value.
	value := anObject.
	self valueChanged: oldValue ] in ObservableValueHolder>>value:
	Receiver: an ObservableValueHolder[ '' ]
	Arguments and temporary variables: 
		anObject: 	''
		oldValue: 	'There is no description'
	Receiver's instance variables: 
		subscriptions: 	an OrderedCollection([ self changed: #getText ] [ :text | self u...etc...
		lock: 	true
		value: 	''


FullBlockClosure(BlockClosure)>>ensure:
	Receiver: [ | oldValue |
	oldValue := value.
	value := anObject.
	self valueChanged: oldValue ]
	Arguments and temporary variables: 
		aBlock: 	[ lock := false ]
		complete: 	nil
		returnValue: 	nil
	Receiver's instance variables: 
		outerContext: 	ObservableValueHolder>>value:
		startpc: 	a CompiledBlock: [ | oldValue |
	oldValue := value.
	value := anObject...etc...
		numArgs: 	0
		receiver: 	an ObservableValueHolder[ '' ]


ObservableValueHolder>>value:
	Receiver: an ObservableValueHolder[ '' ]
	Arguments and temporary variables: 
		anObject: 	''
	Receiver's instance variables: 
		subscriptions: 	an OrderedCollection([ self changed: #getText ] [ :text | self u...etc...
		lock: 	true
		value: 	''


SpTextPresenter(SpAbstractTextPresenter)>>text:
	Receiver: a SpTextPresenter
	Arguments and temporary variables: 
		aString: 	''
	Receiver's instance variables: 
		dependents: 	a DependentsArray(a SpMorphicTextAdapter)
		announcer: 	an Announcer
		owner: 	a PhLImageDetailPresenter
		adapter: 	nil
		needRebuild: 	true
		eventHandler: 	nil
		application: 	nil
		focusOrder: 	nil
		contextKeyBindings: 	an ObservableValueHolder[ nil ]
		windowIcon: 	an ObservableValueHolder[ nil ]
		aboutText: 	an ObservableValueHolder[ nil ]
		askOkToClose: 	an ObservableValueHolder[ false ]
		titleHolder: 	an ObservableValueHolder[ 'Text' ]
		additionalSubpresentersMap: 	nil
		layout: 	an ObservableValueHolder[ a SpAbstractWidgetLayout ]
		visible: 	an ObservableValueHolder[ true ]
		extent: 	an ObservableValueHolder[ nil ]
		styles: 	#()
		borderWidth: 	an ObservableValueHolder[ nil ]
		borderColor: 	an ObservableValueHolder[ nil ]
		dragEnabled: 	an ObservableValueHolder[ false ]
		dropEnabled: 	an ObservableValueHolder[ false ]
		color: 	an ObservableValueHolder[ nil ]
		help: 	an ObservableValueHolder[ nil ]
		enabled: 	an ObservableValueHolder[ true ]
		wantsDrop: 	an ObservableValueHolder[ [ :transfer | self dropEnabled ] ]
		acceptDrop: 	an ObservableValueHolder[ [ :transfer | ] ]
		deferredActions: 	nil
		hasUnacceptedEdits: 	an ObservableValueHolder[ false ]
		selection: 	an ObservableValueHolder[ (1 to: 0) ]
		wantsVisualFeedback: 	an ObservableValueHolder[ true ]
		askBeforeDiscardingEdits: 	an ObservableValueHolder[ true ]
		text: 	an ObservableValueHolder[ '' ]
		actionToPerform: 	an ObservableValueHolder[ [ :txt |  ] ]
		readSelection: 	an ObservableValueHolder[ [ selection ] ]
		placeholder: 	an ObservableValueHolder[ '' ]
		contextMenu: 	an ObservableValueHolder[ nil ]
		scrollValue: 	an ObservableValueHolder[ (0@0) ]
		editionContextMenu: 	an ObservableValueHolder[ true ]
		editable: 	an ObservableValueHolder[ true ]
		wrapWord: 	an ObservableValueHolder[ true ]
		undoRedoHistory: 	true
		wrapScrollBars: 	true
		propagateNaturalHeight: 	false
		propagateNaturalWidth: 	false
		scrollBarStyles: 	#()


[
		self presenter text: aString.
		"Raise an announcement"
		self presenter changed: #clearUserEdits] in SpMorphicTextAdapter(SpMorphicBaseTextAdapter)>>accept:notifying:
	Receiver: a SpMorphicTextAdapter
	Arguments and temporary variables: 
		aString: 	''
		aNotifyier: 	a SpRubScrolledTextMorph(860515072)
	Receiver's instance variables: 
		dependents: 	nil
		announcer: 	nil
		model: 	a SpTextPresenter
		widget: 	nil
		selector: 	nil
		owner: 	a SpTextPresenter
		unsubscribed: 	false
		selection: 	(1 to: 23)
		updating: 	true


FullBlockClosure(BlockClosure)>>ensure:
	Receiver: [
		self presenter text: aString.
		"Raise an announcement"
		self presenter changed: #cle...etc...
	Arguments and temporary variables: 
		aBlock: 	[ 
		updating := false ]
		complete: 	nil
		returnValue: 	nil
	Receiver's instance variables: 
		outerContext: 	SpMorphicTextAdapter(SpMorphicBaseTextAdapter)>>accept:notifying:...etc...
		startpc: 	a CompiledBlock: [
		self presenter text: aString.
		"Raise an announc...etc...
		numArgs: 	0
		receiver: 	a SpMorphicTextAdapter


SpMorphicTextAdapter(SpMorphicBaseTextAdapter)>>accept:notifying:
	Receiver: a SpMorphicTextAdapter
	Arguments and temporary variables: 
		aString: 	''
		aNotifyier: 	a SpRubScrolledTextMorph(860515072)
	Receiver's instance variables: 
		dependents: 	nil
		announcer: 	nil
		model: 	a SpTextPresenter
		widget: 	nil
		selector: 	nil
		owner: 	a SpTextPresenter
		unsubscribed: 	false
		selection: 	(1 to: 23)
		updating: 	true


SpMorphicTextAdapter>>accept:notifying:
	Receiver: a SpMorphicTextAdapter
	Arguments and temporary variables: 
		aString: 	a Text for ''
		aNotifyier: 	a SpRubScrolledTextMorph(860515072)
	Receiver's instance variables: 
		dependents: 	nil
		announcer: 	nil
		model: 	a SpTextPresenter
		widget: 	nil
		selector: 	nil
		owner: 	a SpTextPresenter
		unsubscribed: 	false
		selection: 	(1 to: 23)
		updating: 	true


SpRubScrolledTextMorph(RubScrolledTextMorph)>>acceptTextInModel
	Receiver: a SpRubScrolledTextMorph(860515072)
	Arguments and temporary variables: 
x
	Receiver's instance variables: 
		bounds: 	(0@0) corner: (50@40)
		owner: 	nil
		submorphs: 	an Array(a RubTextScrollPane(64650496) a RubGhostTextDisplayer(10292...etc...
		fullBounds: 	nil
		color: 	Color white
		extension: 	a MorphExtension (569645056) [other:  (announcer -> an Announcer) (d...etc...
		hasEditingConflicts: 	false
		hasUnacceptedEdits: 	false
		alwaysAccept: 	nil
		setTextSelector: 	#accept:notifying:
		getTextSelector: 	#getText
		getSelectionSelector: 	#readSelection
		setSelectionSelector: 	#setSelection:
		autoAccept: 	true
		scrollPane: 	a RubTextScrollPane(64650496)
		rulers: 	a SortedCollection(a RubGhostTextDisplayer(1029246720))
		enabled: 	true
		highlights: 	an OrderedCollection()
		getBackgroundColorSelector: 	nil
		askBeforeDiscardingEdits: 	true


SpRubScrolledTextMorph(RubScrolledTextMorph)>>acceptContents
	Receiver: a SpRubScrolledTextMorph(860515072)
	Arguments and temporary variables: 
x
	Receiver's instance variables: 
		bounds: 	(0@0) corner: (50@40)
		owner: 	nil
		submorphs: 	an Array(a RubTextScrollPane(64650496) a RubGhostTextDisplayer(10292...etc...
		fullBounds: 	nil
		color: 	Color white
		extension: 	a MorphExtension (569645056) [other:  (announcer -> an Announcer) (d...etc...
		hasEditingConflicts: 	false
		hasUnacceptedEdits: 	false
		alwaysAccept: 	nil
		setTextSelector: 	#accept:notifying:
		getTextSelector: 	#getText
		getSelectionSelector: 	#readSelection
		setSelectionSelector: 	#setSelection:
		autoAccept: 	true
		scrollPane: 	a RubTextScrollPane(64650496)
		rulers: 	a SortedCollection(a RubGhostTextDisplayer(1029246720))
		enabled: 	true
		highlights: 	an OrderedCollection()
		getBackgroundColorSelector: 	nil
		askBeforeDiscardingEdits: 	true


SpRubScrolledTextMorph(RubScrolledTextMorph)>>textChanged
	Receiver: a SpRubScrolledTextMorph(860515072)
	Arguments and temporary variables: 
x
	Receiver's instance variables: 
		bounds: 	(0@0) corner: (50@40)
		owner: 	nil
		submorphs: 	an Array(a RubTextScrollPane(64650496) a RubGhostTextDisplayer(10292...etc...
		fullBounds: 	nil
		color: 	Color white
		extension: 	a MorphExtension (569645056) [other:  (announcer -> an Announcer) (d...etc...
		hasEditingConflicts: 	false
		hasUnacceptedEdits: 	false
		alwaysAccept: 	nil
		setTextSelector: 	#accept:notifying:
		getTextSelector: 	#getText
		getSelectionSelector: 	#readSelection
		setSelectionSelector: 	#setSelection:
		autoAccept: 	true
		scrollPane: 	a RubTextScrollPane(64650496)
		rulers: 	a SortedCollection(a RubGhostTextDisplayer(1029246720))
		enabled: 	true
		highlights: 	an OrderedCollection()
		getBackgroundColorSelector: 	nil
		askBeforeDiscardingEdits: 	true


RubTextScrollPane>>textChanged
	Receiver: a RubTextScrollPane(64650496)
	Arguments and temporary variables: 
		o: 	a SpRubScrolledTextMorph(860515072)
	Receiver's instance variables: 
		bounds: 	(0@0) corner: (50@40)
		owner: 	a SpRubScrolledTextMorph(860515072)
		submorphs: 	an Array(a RubScrollBar(102988800) a TransformWithLayoutMorph(617479...etc...
		fullBounds: 	nil
		color: 	Color transparent
		extension: 	a MorphExtension (564840704) [other:  (announcer -> an Announcer)]
		scroller: 	a TransformWithLayoutMorph(61747968)
		hScrollbar: 	a RubScrollBar(327052800)
		vScrollbar: 	a RubScrollBar(102988800)
		drawFocusBorder: 	true


RubEditingArea(RubAbstractTextArea)>>paragraphReplacedTextFrom:to:with:
	Receiver: a RubEditingArea(293357056)
	Arguments and temporary variables: 
		start: 	1
		stop: 	23
		aText: 	a Text for ''
		sp: 	a RubTextScrollPane(64650496)
	Receiver's instance variables: 
		bounds: 	(0@0) corner: (37@31)
		owner: 	a TransformWithLayoutMorph(61747968)
		submorphs: 	an Array(a RubCursor(407685888) a RubPrimarySelectionMorph(431485184...etc...
		fullBounds: 	nil
		color: 	Color transparent
		extension: 	a MorphExtension (993756672) [other:  (announcer -> an Announcer)]
		model: 	a SpMorphicTextAdapter
		paragraph: 	a RubCurrentLineBarDecorator
		editor: 	a RubTextEditor
		scrollPane: 	a RubTextScrollPane(64650496)
		editingState: 	a RubEditingState
		textStyle: 	a TextStyle Source Sans Pro
		textColor: 	nil
		margins: 	a Margin top: 6 left: 6 bottom: 6 right: 6
		readOnly: 	false
		menuAllowed: 	nil
		editingMode: 	a RubPlainTextMode
		cursor: 	a RubCursor(407685888)
		segments: 	nil
		embeddedMorphs: 	nil
		getMenuPolicy: 	a RubPluggableGetMenuPolicy
		mouseDownPoint: 	nil
		completionEngine: 	nil
		maxLength: 	nil
		findReplaceService: 	a SpRubFindReplaceService
		wrapped: 	true
		editorClass: 	RubTextEditor


[ 
			self composer emphasisHere: textArea emphasisHere.
			self composer replaceFrom: start to: stop with: aText.
			self text: self composer text.
			textArea paragraphWasComposedFrom: start to: stop.
			textArea paragraphReplacedTextFrom: start to: stop with: aText ] in RubParagraph>>replaceFrom:to:with:
	Receiver: a RubParagraph
	Arguments and temporary variables: 
		start: 	1
		stop: 	23
		aText: 	a Text for ''
	Receiver's instance variables: 
		text: 	a Text for ''
		composer: 	a RubTextComposer
		container: 	(0@0) corner: (37@126)
		drawingEnabled: 	false
		textArea: 	a RubEditingArea(293357056)


FullBlockClosure(BlockClosure)>>ensure:
	Receiver: [ 
			self composer emphasisHere: textArea emphasisHere.
			self composer replaceFrom: sta...etc...
	Arguments and temporary variables: 
		aBlock: 	[ self enableDrawing ]
		complete: 	nil
		returnValue: 	nil
	Receiver's instance variables: 
		outerContext: 	RubParagraph>>replaceFrom:to:with:
		startpc: 	a CompiledBlock: [ 
			self composer emphasisHere: textArea emphasisHe...etc...
		numArgs: 	0
		receiver: 	a RubParagraph


RubParagraph>>disableDrawingWhile:
	Receiver: a RubParagraph
	Arguments and temporary variables: 
		aBlock: 	[ 
			self composer emphasisHere: textArea emphasisHere.
			self compos...etc...
	Receiver's instance variables: 
		text: 	a Text for ''
		composer: 	a RubTextComposer
		container: 	(0@0) corner: (37@126)
		drawingEnabled: 	false
		textArea: 	a RubEditingArea(293357056)


RubParagraph>>replaceFrom:to:with:
	Receiver: a RubParagraph
	Arguments and temporary variables: 
		start: 	1
		stop: 	23
		aText: 	a Text for ''
	Receiver's instance variables: 
		text: 	a Text for ''
		composer: 	a RubTextComposer
		container: 	(0@0) corner: (37@126)
		drawingEnabled: 	false
		textArea: 	a RubEditingArea(293357056)


RubCurrentLineBarDecorator(RubParagraphDecorator)>>replaceFrom:to:with:
	Receiver: a RubCurrentLineBarDecorator
	Arguments and temporary variables: 
		start: 	1
		stop: 	23
		aText: 	a Text for ''
	Receiver's instance variables: 
		next: 	a RubExtraSelectionDecorator


RubEditingArea(RubAbstractTextArea)>>privateReplaceFrom:to:with:
	Receiver: a RubEditingArea(293357056)
	Arguments and temporary variables: 
		start: 	1
		stop: 	23
		aText: 	a Text for ''
	Receiver's instance variables: 
		bounds: 	(0@0) corner: (37@31)
		owner: 	a TransformWithLayoutMorph(61747968)
		submorphs: 	an Array(a RubCursor(407685888) a RubPrimarySelectionMorph(431485184...etc...
		fullBounds: 	nil
		color: 	Color transparent
		extension: 	a MorphExtension (993756672) [other:  (announcer -> an Announcer)]
		model: 	a SpMorphicTextAdapter
		paragraph: 	a RubCurrentLineBarDecorator
		editor: 	a RubTextEditor
		scrollPane: 	a RubTextScrollPane(64650496)
		editingState: 	a RubEditingState
		textStyle: 	a TextStyle Source Sans Pro
		textColor: 	nil
		margins: 	a Margin top: 6 left: 6 bottom: 6 right: 6
		readOnly: 	false
		menuAllowed: 	nil
		editingMode: 	a RubPlainTextMode
		cursor: 	a RubCursor(407685888)
		segments: 	nil
		embeddedMorphs: 	nil
		getMenuPolicy: 	a RubPluggableGetMenuPolicy
		mouseDownPoint: 	nil
		completionEngine: 	nil
		maxLength: 	nil
		findReplaceService: 	a SpRubFindReplaceService
		wrapped: 	true
		editorClass: 	RubTextEditor


RubTextEditor>>zapSelectionWith:
	Receiver: a RubTextEditor
	Arguments and temporary variables: 
		aText: 	''
		start: 	1
		stop: 	24
	Receiver's instance variables: 
		defaultKeymappingIndex: 	nil
		textArea: 	a RubEditingArea(293357056)


RubTextEditor>>replace:with:and:
	Receiver: a RubTextEditor
	Arguments and temporary variables: 
		xoldInterval: 	(1 to: 23)
		newText: 	''
		selectingBlock: 	[]
		prevSel: 	a Text for 'There is no description'
		currInterval: 	(1 to: 23)
	Receiver's instance variables: 
		defaultKeymappingIndex: 	nil
		textArea: 	a RubEditingArea(293357056)


RubTextEditor>>replaceSelectionWith:
	Receiver: a RubTextEditor
	Arguments and temporary variables: 
		aText: 	''
	Receiver's instance variables: 
		defaultKeymappingIndex: 	nil
		textArea: 	a RubEditingArea(293357056)


[ 
					| s |
					s := self validateTextFrom: aStringOrText.
					s = self text
						ifFalse: [ self selectAll.
							self editor replaceSelectionWith: s.
							self deselect ] ] in [ self
				beEditableWhile: [ 
					| s |
					s := self validateTextFrom: aStringOrText.
					s = self text
						ifFalse: [ self selectAll.
							self editor replaceSelectionWith: s.
							self deselect ] ] ] in RubEditingArea(RubAbstractTextArea)>>updateTextWith:
	Receiver: a RubEditingArea(293357056)
	Arguments and temporary variables: 
		aStringOrText: 	''
		s: 	''
	Receiver's instance variables: 
		bounds: 	(0@0) corner: (37@31)
		owner: 	a TransformWithLayoutMorph(61747968)
		submorphs: 	an Array(a RubCursor(407685888) a RubPrimarySelectionMorph(431485184...etc...
		fullBounds: 	nil
		color: 	Color transparent
		extension: 	a MorphExtension (993756672) [other:  (announcer -> an Announcer)]
		model: 	a SpMorphicTextAdapter
		paragraph: 	a RubCurrentLineBarDecorator
		editor: 	a RubTextEditor
		scrollPane: 	a RubTextScrollPane(64650496)
		editingState: 	a RubEditingState
		textStyle: 	a TextStyle Source Sans Pro
		textColor: 	nil
		margins: 	a Margin top: 6 left: 6 bottom: 6 right: 6
		readOnly: 	false
		menuAllowed: 	nil
		editingMode: 	a RubPlainTextMode
		cursor: 	a RubCursor(407685888)
		segments: 	nil
		embeddedMorphs: 	nil
		getMenuPolicy: 	a RubPluggableGetMenuPolicy
		mouseDownPoint: 	nil
		completionEngine: 	nil
		maxLength: 	nil
		findReplaceService: 	a SpRubFindReplaceService
		wrapped: 	true
		editorClass: 	RubTextEditor


FullBlockClosure(BlockClosure)>>ensure:
	Receiver: [ 
					| s |
					s := self validateTextFrom: aStringOrText.
					s = self text
						ifF...etc...
	Arguments and temporary variables: 
		aBlock: 	[ self readOnly:  wasEditable]
		complete: 	nil
		returnValue: 	nil
	Receiver's instance variables: 
		outerContext: 	[ self
				beEditableWhile: [ 
					| s |
					s := self validate...etc...
		startpc: 	a CompiledBlock: [ 
					| s |
					s := self validateTextFrom: aStrin...etc...
		numArgs: 	0
		receiver: 	a RubEditingArea(293357056)


RubEditingArea(RubAbstractTextArea)>>beEditableWhile:
	Receiver: a RubEditingArea(293357056)
	Arguments and temporary variables: 
		aBlock: 	[ 
					| s |
					s := self validateTextFrom: aStringOrText.
					s = ...etc...
		wasEditable: 	false
	Receiver's instance variables: 
		bounds: 	(0@0) corner: (37@31)
		owner: 	a TransformWithLayoutMorph(61747968)
		submorphs: 	an Array(a RubCursor(407685888) a RubPrimarySelectionMorph(431485184...etc...
		fullBounds: 	nil
		color: 	Color transparent
		extension: 	a MorphExtension (993756672) [other:  (announcer -> an Announcer)]
		model: 	a SpMorphicTextAdapter
		paragraph: 	a RubCurrentLineBarDecorator
		editor: 	a RubTextEditor
		scrollPane: 	a RubTextScrollPane(64650496)
		editingState: 	a RubEditingState
		textStyle: 	a TextStyle Source Sans Pro
		textColor: 	nil
		margins: 	a Margin top: 6 left: 6 bottom: 6 right: 6
		readOnly: 	false
		menuAllowed: 	nil
		editingMode: 	a RubPlainTextMode
		cursor: 	a RubCursor(407685888)
		segments: 	nil
		embeddedMorphs: 	nil
		getMenuPolicy: 	a RubPluggableGetMenuPolicy
		mouseDownPoint: 	nil
		completionEngine: 	nil
		maxLength: 	nil
		findReplaceService: 	a SpRubFindReplaceService
		wrapped: 	true
		editorClass: 	RubTextEditor


[ self
				beEditableWhile: [ 
					| s |
					s := self validateTextFrom: aStringOrText.
					s = self text
						ifFalse: [ self selectAll.
							self editor replaceSelectionWith: s.
							self deselect ] ] ] in RubEditingArea(RubAbstractTextArea)>>updateTextWith:
	Receiver: a RubEditingArea(293357056)
	Arguments and temporary variables: 
		aStringOrText: 	''
	Receiver's instance variables: 
		bounds: 	(0@0) corner: (37@31)
		owner: 	a TransformWithLayoutMorph(61747968)
		submorphs: 	an Array(a RubCursor(407685888) a RubPrimarySelectionMorph(431485184...etc...
		fullBounds: 	nil
		color: 	Color transparent
		extension: 	a MorphExtension (993756672) [other:  (announcer -> an Announcer)]
		model: 	a SpMorphicTextAdapter
		paragraph: 	a RubCurrentLineBarDecorator
		editor: 	a RubTextEditor
		scrollPane: 	a RubTextScrollPane(64650496)
		editingState: 	a RubEditingState
		textStyle: 	a TextStyle Source Sans Pro
		textColor: 	nil
		margins: 	a Margin top: 6 left: 6 bottom: 6 right: 6
		readOnly: 	false
		menuAllowed: 	nil
		editingMode: 	a RubPlainTextMode
		cursor: 	a RubCursor(407685888)
		segments: 	nil
		embeddedMorphs: 	nil
		getMenuPolicy: 	a RubPluggableGetMenuPolicy
		mouseDownPoint: 	nil
		completionEngine: 	nil
		maxLength: 	nil
		findReplaceService: 	a SpRubFindReplaceService
		wrapped: 	true
		editorClass: 	RubTextEditor


RubEditingArea(RubAbstractTextArea)>>handleEdit:
	Receiver: a RubEditingArea(293357056)
	Arguments and temporary variables: 
		editBlock: 	[ self
				beEditableWhile: [ 
					| s |
					s := self validateTex...etc...
	Receiver's instance variables: 
		bounds: 	(0@0) corner: (37@31)
		owner: 	a TransformWithLayoutMorph(61747968)
		submorphs: 	an Array(a RubCursor(407685888) a RubPrimarySelectionMorph(431485184...etc...
		fullBounds: 	nil
		color: 	Color transparent
		extension: 	a MorphExtension (993756672) [other:  (announcer -> an Announcer)]
		model: 	a SpMorphicTextAdapter
		paragraph: 	a RubCurrentLineBarDecorator
		editor: 	a RubTextEditor
		scrollPane: 	a RubTextScrollPane(64650496)
		editingState: 	a RubEditingState
		textStyle: 	a TextStyle Source Sans Pro
		textColor: 	nil
		margins: 	a Margin top: 6 left: 6 bottom: 6 right: 6
		readOnly: 	false
		menuAllowed: 	nil
		editingMode: 	a RubPlainTextMode
		cursor: 	a RubCursor(407685888)
		segments: 	nil
		embeddedMorphs: 	nil
		getMenuPolicy: 	a RubPluggableGetMenuPolicy
		mouseDownPoint: 	nil
		completionEngine: 	nil
		maxLength: 	nil
		findReplaceService: 	a SpRubFindReplaceService
		wrapped: 	true
		editorClass: 	RubTextEditor



--- The full stack ---
Process>>doTerminationFromAnotherProcess
Process>>terminate
PhLImageDescriptionUpdater>>terminateProcess
PhLImageDescriptionUpdater>>image:description:
PhLImageDescriptionUpdater class>>image:description:
PhLImageDetailPresenter>>updateImageDescription:
[ :text | self updateImageDescription: text ] in PhLImageDetailPresenter>>connectPresenters
FullBlockClosure(BlockClosure)>>cull:
FullBlockClosure(BlockClosure)>>cull:cull:
[ :block | block cull: self value cull: oldValue ] in ObservableValueHolder>>valueChanged:
OrderedCollection>>do:
ObservableValueHolder>>valueChanged:
[ | oldValue |
	oldValue := value.
	value := anObject.
	self valueChanged: oldValue ] in ObservableValueHolder>>value:
FullBlockClosure(BlockClosure)>>ensure:
ObservableValueHolder>>value:
SpTextPresenter(SpAbstractTextPresenter)>>text:
[
		self presenter text: aString.
		"Raise an announcement"
		self presenter changed: #clearUserEdits] in SpMorphicTextAdapter(SpMorphicBaseTextAdapter)>>accept:notifying:
FullBlockClosure(BlockClosure)>>ensure:
SpMorphicTextAdapter(SpMorphicBaseTextAdapter)>>accept:notifying:
SpMorphicTextAdapter>>accept:notifying:
SpRubScrolledTextMorph(RubScrolledTextMorph)>>acceptTextInModel
SpRubScrolledTextMorph(RubScrolledTextMorph)>>acceptContents
SpRubScrolledTextMorph(RubScrolledTextMorph)>>textChanged
RubTextScrollPane>>textChanged
RubEditingArea(RubAbstractTextArea)>>paragraphReplacedTextFrom:to:with:
[ 
			self composer emphasisHere: textArea emphasisHere.
			self composer replaceFrom: start to: stop with: aText.
			self text: self composer text.
			textArea paragraphWasComposedFrom: start to: stop.
			textArea paragraphReplacedTextFrom: start to: stop with: aText ] in RubParagraph>>replaceFrom:to:with:
FullBlockClosure(BlockClosure)>>ensure:
RubParagraph>>disableDrawingWhile:
RubParagraph>>replaceFrom:to:with:
RubCurrentLineBarDecorator(RubParagraphDecorator)>>replaceFrom:to:with:
RubEditingArea(RubAbstractTextArea)>>privateReplaceFrom:to:with:
RubTextEditor>>zapSelectionWith:
RubTextEditor>>replace:with:and:
RubTextEditor>>replaceSelectionWith:
[ 
					| s |
					s := self validateTextFrom: aStringOrText.
					s = self text
						ifFalse: [ self selectAll.
							self editor replaceSelectionWith: s.
							self deselect ] ] in [ self
				beEditableWhile: [ 
					| s |
					s := self validateTextFrom: aStringOrText.
					s = self text
						ifFalse: [ self selectAll.
							self editor replaceSelectionWith: s.
							self deselect ] ] ] in RubEditingArea(RubAbstractTextArea)>>updateTextWith:
FullBlockClosure(BlockClosure)>>ensure:
RubEditingArea(RubAbstractTextArea)>>beEditableWhile:
[ self
				beEditableWhile: [ 
					| s |
					s := self validateTextFrom: aStringOrText.
					s = self text
						ifFalse: [ self selectAll.
							self editor replaceSelectionWith: s.
							self deselect ] ] ] in RubEditingArea(RubAbstractTextArea)>>updateTextWith:
RubEditingArea(RubAbstractTextArea)>>handleEdit:
 - - - - - - - - - - - - - - -  
			- - - - - - - - - - - - - - - - - -
RubEditingArea(RubAbstractTextArea)>>updateTextWith:
[ 
			| t |
			t := self textArea text copy.
			self textArea updateTextWith: ''.
			self textArea updateTextWith: t ] in RubPlainTextMode(RubEditingMode)>>updateTextAreaWhenPlugged
RubEditingArea(RubAbstractTextArea)>>restoreSelectionIndexesAfter:
RubPlainTextMode(RubEditingMode)>>updateTextAreaWhenPlugged
RubPlainTextMode(RubEditingMode)>>plugin:
RubEditingArea(RubAbstractTextArea)>>editingMode:
RubEditingArea>>beForPlainText
SpRubScrolledTextMorph(RubScrolledTextMorph)>>beForPlainText
SpMorphicTextAdapter(SpMorphicBaseTextAdapter)>>setEditingModeFor:
SpMorphicTextAdapter>>buildWidget
SpMorphicTextAdapter(SpAbstractAdapter)>>adapt:
SpMorphicTextAdapter(SpAbstractMorphicAdapter)>>adapt:
SpAbstractWidgetLayout>>adapt:bindings:
SpAbstractWidgetLayout>>buildAdapterFor:bindings:
SpTextPresenter(SpAbstractPresenter)>>basicBuildAdapterWithLayout:
SpTextPresenter(SpPresenter)>>basicBuildAdapterWithLayout:
SpTextPresenter(SpAbstractWidgetPresenter)>>basicBuildAdapterWithLayout:
[ self basicBuildAdapterWithLayout: aSpecLayout ] in SpTextPresenter(SpAbstractPresenter)>>buildAdapterWithLayout:
[ activeProcess
			psValueAt: index
			put: anObject.
		aBlock value ] in SpBindings(DynamicVariable)>>value:during:
FullBlockClosure(BlockClosure)>>ensure:
SpBindings(DynamicVariable)>>value:during:
SpBindings class(DynamicVariable class)>>value:during:
SpTextPresenter(SpAbstractPresenter)>>buildAdapterWithLayout:
SpTextPresenter(SpAbstractPresenter)>>buildWithLayout:
SpTextPresenter(SpAbstractPresenter)>>buildWithSelector:
SpMorphicGridAdapter(SpMorphicLayoutAdapter)>>buildMorph:constraints:
SpMorphicGridAdapter>>basicAdd:constraints:to:
[ :aPanel |
		self 
			basicAdd: aPresenter
			constraints: constraints 
			to: aPanel ] in SpMorphicGridAdapter(SpMorphicLayoutAdapter)>>add:constraints:
FullBlockClosure(BlockClosure)>>cull:
Morph(ProtoObject)>>ifNotNil:
SpMorphicGridAdapter(SpAbstractAdapter)>>widgetDo:
SpMorphicGridAdapter(SpMorphicLayoutAdapter)>>add:constraints:
[ :presenterNameOrLayout :constraints | 
		"Since a layout can be composed (by other layouts), we can include a 
		 presenter or a layout" 
		adapter 
			add: (self 
				resolvePresenter: presenterNameOrLayout 
				presenter: aPresenter 
				bindings: bindings) 
			constraints: constraints ] in SpGridLayout(SpExecutableLayout)>>buildAdapterFor:bindings:
[:each | aBlock value: each value: (self at: each)] in OrderedDictionary>>keysAndValuesDo:
OrderedDictionary>>keysDo:
OrderedDictionary>>keysAndValuesDo:
SpGridLayout(SpExecutableLayout)>>buildAdapterFor:bindings:
SpBoxLayout(SpExecutableLayout)>>resolvePresenter:presenter:bindings:
[ :presenterNameOrLayout :constraints | 
		"Since a layout can be composed (by other layouts), we can include a 
		 presenter or a layout" 
		adapter 
			add: (self 
				resolvePresenter: presenterNameOrLayout 
				presenter: aPresenter 
				bindings: bindings) 
			constraints: constraints ] in SpBoxLayout(SpExecutableLayout)>>buildAdapterFor:bindings:
[:each | aBlock value: each value: (self at: each)] in OrderedDictionary>>keysAndValuesDo:
OrderedDictionary>>keysDo:
OrderedDictionary>>keysAndValuesDo:
SpBoxLayout(SpExecutableLayout)>>buildAdapterFor:bindings:
PhLImageDetailPresenter(SpAbstractPresenter)>>basicBuildAdapterWithLayout:
PhLImageDetailPresenter(SpPresenter)>>basicBuildAdapterWithLayout:
[ self basicBuildAdapterWithLayout: aSpecLayout ] in PhLImageDetailPresenter(SpAbstractPresenter)>>buildAdapterWithLayout:
[ activeProcess
			psValueAt: index
			put: anObject.
		aBlock value ] in SpBindings(DynamicVariable)>>value:during:
FullBlockClosure(BlockClosure)>>ensure:
SpBindings(DynamicVariable)>>value:during:
SpBindings class(DynamicVariable class)>>value:during:
PhLImageDetailPresenter(SpAbstractPresenter)>>buildAdapterWithLayout:
PhLImageDetailPresenter(SpAbstractPresenter)>>buildWithLayout:
PhLImageDetailPresenter(SpAbstractPresenter)>>buildWithSelector:
SpMorphicPanedAdapter(SpMorphicLayoutAdapter)>>buildMorph:constraints:
SpMorphicPanedAdapter>>basicAdd:constraints:to:
[ :aPanel |
		self 
			basicAdd: aPresenter
			constraints: constraints 
			to: aPanel ] in SpMorphicPanedAdapter(SpMorphicLayoutAdapter)>>add:constraints:
FullBlockClosure(BlockClosure)>>cull:
Morph(ProtoObject)>>ifNotNil:
SpMorphicPanedAdapter(SpAbstractAdapter)>>widgetDo:
SpMorphicPanedAdapter(SpMorphicLayoutAdapter)>>add:constraints:
[ :presenterNameOrLayout :constraints | 
		"Since a layout can be composed (by other layouts), we can include a 
		 presenter or a layout" 
		adapter 
			add: (self 
				resolvePresenter: presenterNameOrLayout 
				presenter: aPresenter 
				bindings: bindings) 
			constraints: constraints ] in SpPanedLayout(SpExecutableLayout)>>buildAdapterFor:bindings:
[:each | aBlock value: each value: (self at: each)] in OrderedDictionary>>keysAndValuesDo:
OrderedDictionary>>keysDo:
OrderedDictionary>>keysAndValuesDo:
SpPanedLayout(SpExecutableLayout)>>buildAdapterFor:bindings:
SpBoxLayout(SpExecutableLayout)>>resolvePresenter:presenter:bindings:
[ :presenterNameOrLayout :constraints | 
		"Since a layout can be composed (by other layouts), we can include a 
		 presenter or a layout" 
		adapter 
			add: (self 
				resolvePresenter: presenterNameOrLayout 
				presenter: aPresenter 
				bindings: bindings) 
			constraints: constraints ] in SpBoxLayout(SpExecutableLayout)>>buildAdapterFor:bindings:
[:each | aBlock value: each value: (self at: each)] in OrderedDictionary>>keysAndValuesDo:
OrderedDictionary>>keysDo:
OrderedDictionary>>keysAndValuesDo:
SpBoxLayout(SpExecutableLayout)>>buildAdapterFor:bindings:
PhLImagesPresenter(SpAbstractPresenter)>>basicBuildAdapterWithLayout:
PhLImagesPresenter(SpPresenter)>>basicBuildAdapterWithLayout:
[ self basicBuildAdapterWithLayout: aSpecLayout ] in PhLImagesPresenter(SpAbstractPresenter)>>buildAdapterWithLayout:
[ activeProcess
			psValueAt: index
			put: anObject.
		aBlock value ] in SpBindings(DynamicVariable)>>value:during:
FullBlockClosure(BlockClosure)>>ensure:
SpBindings(DynamicVariable)>>value:during:
SpBindings class(DynamicVariable class)>>value:during:
PhLImagesPresenter(SpAbstractPresenter)>>buildAdapterWithLayout:
PhLImagesPresenter(SpAbstractPresenter)>>buildWithLayout:
SpMorphicWorldAdapter>>addPresenterIn:withSpecLayout:
SpMorphicWorldAdapter(SpAbstractAdapter)>>update:with:
[:aDependent | aDependent update: anAspect with: anObject] in SpWorldPresenter(Model)>>changed:with:
DependentsArray>>do:
SpWorldPresenter(Model)>>changed:with:
SpWorldPresenter>>addPresenterIn:withSpecLayout:
SpWorldPresenter(SpWindowPresenter)>>buildWindowWithLayout:presenterLayout:
SpWorldPresenter(SpWindowPresenter)>>basicBuildWithSpecLayout:
[ self basicBuildWithSpecLayout: aSpecLayout ] in SpWorldPresenter(SpWindowPresenter)>>buildWithSpecLayout:
[ activeProcess
			psValueAt: index
			put: anObject.
		aBlock value ] in SpBindings(DynamicVariable)>>value:during:
FullBlockClosure(BlockClosure)>>ensure:
SpBindings(DynamicVariable)>>value:during:
SpBindings class(DynamicVariable class)>>value:during:
SpWorldPresenter(SpWindowPresenter)>>buildWithSpecLayout:
SpWorldPresenter>>openWithLayout:
SpWorldPresenter(SpWindowPresenter)>>openWith:
SpWorldPresenter(SpWindowPresenter)>>open
PharoLauncherApplication>>startFull
PharoLauncherApplication>>start
PharoLauncherApplication(SpApplication)>>run
PharoLauncherApplication class>>openFull
PhLDeploymentScript class>>openLauncher
PhLDeploymentScript class>>closeWindowsAndOpenLauncher
PhLDeploymentScript class>>launcherStartUp
[ :c | c ifNotNil: [ c launcherStartUp ] ] in PhLStartupManager class>>startUp:
SortedCollection(OrderedCollection)>>do:
PhLStartupManager class>>startUp:
ClassSessionHandler>>startup:
[ :each | each startup: isImageStarting ] in WorkingSession>>runStartup:
[aBlock value: each] in [ :each | 
		[aBlock value: each] 
			on: Exception
			do: [ :error | self errorHandler handleError: error] ] in WorkingSession>>runList:do:
FullBlockClosure(BlockClosure)>>on:do:
[ :each | 
		[aBlock value: each] 
			on: Exception
			do: [ :error | self errorHandler handleError: error] ] in WorkingSession>>runList:do:
Array(SequenceableCollection)>>do:
WorkingSession>>runList:do:
WorkingSession>>runStartup:
WorkingSession>>start:
SessionManager>>launchSnapshot:andQuit:
[ isImageStarting := self launchSnapshot: save andQuit: quit.
	  wait signal. ] in SessionManager>>snapshot:andQuit:
[self value.
			"IMPORTANT: Do not step over next line of code. See method comments for details"
			Processor terminateRealActive] in FullBlockClosure(BlockClosure)>>newProcess
-------------------------------------------------------------------------------

THERE_BE_DRAGONS_HERE

29 June 2024 1:01:55.257024 pm

VM: unix - x86_64 - linux-gnu - CoInterpreter * VMMaker-tonel.1 uuid: ad0a8882-d297-0d00-90d3-62ff092bce84 Mar 30 2022
StackToRegisterMappingCogit * VMMaker-tonel.1 uuid: ad0a8882-d297-0d00-90d3-62ff092bce84 Mar 30 2022
v9.0.14 - Commit: 93600e1 - Date: 2022-03-30 16:40:05 +0200

Image: Pharo10.0.0 [Build information: Pharo-10.0.0+build.514.sha.06180671d95a16c446fe24e3fedb0916c1bcb31a (64 Bit)]

Process>>doTerminationFromAnotherProcess
	Receiver: a Process in Process>>endProcess
	Arguments and temporary variables: 
		outerMost: 	nil
		ctxt: 	nil
		oldList: 	nil
		unwindBlock: 	nil
	Receiver's instance variables: 
		nextLink: 	nil
		suspendedContext: 	Process>>endProcess
		priority: 	79
		myList: 	nil
		name: 	'Pharo Launcher image description save process'
		env: 	nil
		effectiveProcess: 	nil
		terminating: 	true
		level: 	nil


Process>>terminate
	Receiver: a Process in Process>>endProcess
	Arguments and temporary variables: 
x
	Receiver's instance variables: 
		nextLink: 	nil
		suspendedContext: 	Process>>endProcess
		priority: 	79
		myList: 	nil
		name: 	'Pharo Launcher image description save process'
		env: 	nil
		effectiveProcess: 	nil
		terminating: 	true
		level: 	nil


PhLImageDescriptionUpdater>>terminateProcess
	Receiver: a PhLImageDescriptionUpdater
	Arguments and temporary variables: 
x
	Receiver's instance variables: 
		image: 	Image (Pharo 12.0 - 64bit (stable))
		description: 	'There is no description'
		process: 	a Process in Process>>endProcess
		saveBlock: 	nil


PhLImageDescriptionUpdater>>image:description:
	Receiver: a PhLImageDescriptionUpdater
	Arguments and temporary variables: 
		aPhLImage: 	Image (Pharo 12.0 - 64bit (stable))
		aString: 	'There is no description'
	Receiver's instance variables: 
		image: 	Image (Pharo 12.0 - 64bit (stable))
		description: 	'There is no description'
		process: 	a Process in Process>>endProcess
		saveBlock: 	nil


PhLImageDescriptionUpdater class>>image:description:
	Receiver: PhLImageDescriptionUpdater
	Arguments and temporary variables: 
		aPhLImage: 	Image (Pharo 12.0 - 64bit (stable))
		aString: 	'There is no description'
	Receiver's instance variables: 
		superclass: 	Object
		methodDict: 	a MethodDictionary(#doSave->PhLImageDescriptionUpdater>>#doSave #im...etc...
		format: 	65540
		layout: 	a FixedLayout
		organization: 	a ClassOrganization
		subclasses: 	{PhLImageDescriptionUpdaterMock}
		name: 	#PhLImageDescriptionUpdater
		classPool: 	a Dictionary()
		sharedPools: 	an OrderedCollection()
		environment: 	a SystemDictionary(lots of globals)
		category: 	#'PharoLauncher-Core-Model'
		Default: 	a PhLImageDescriptionUpdater


PhLImageDetailPresenter>>updateImageDescription:
	Receiver: a PhLImageDetailPresenter
	Arguments and temporary variables: 
		text: 	'There is no description'
	Receiver's instance variables: 
		dependents: 	a DependentsArray(a SpMorphicBoxAdapter a SpMorphicGridAdapter)
		announcer: 	an Announcer
		owner: 	a PhLImagesPresenter
		adapter: 	nil
		needRebuild: 	true
		eventHandler: 	nil
		application: 	nil
		focusOrder: 	nil
		contextKeyBindings: 	an ObservableValueHolder[ nil ]
		windowIcon: 	an ObservableValueHolder[ nil ]
		aboutText: 	an ObservableValueHolder[ nil ]
		askOkToClose: 	an ObservableValueHolder[ false ]
		titleHolder: 	an ObservableValueHolder[ 'Untitled window' ]
		additionalSubpresentersMap: 	nil
		layout: 	an ObservableValueHolder[ a SpBoxLayout ]
		visible: 	an ObservableValueHolder[ true ]
		extent: 	an ObservableValueHolder[ nil ]
		styles: 	#()
		announcingObject: 	a NewValueHolder[ Image (Pharo 12.0 - 64bit (stable)) ]
		description: 	a SpTextPresenter
		imageLabel: 	a SpLabelPresenter
		template: 	a SpLabelPresenter
		initializationScript: 	a SpLabelPresenter
		location: 	a SpLabelPresenter
		vm: 	a SpTextInputFieldPresenter
		templateUrl: 	a SpLabelPresenter
		shouldRunInitializationScript: 	a SpCheckBoxPresenter
		updating: 	false


[ :text | self updateImageDescription: text ] in PhLImageDetailPresenter>>connectPresenters
	Receiver: a PhLImageDetailPresenter
	Arguments and temporary variables: 
		text: 	'There is no description'
	Receiver's instance variables: 
		dependents: 	a DependentsArray(a SpMorphicBoxAdapter a SpMorphicGridAdapter)
		announcer: 	an Announcer
		owner: 	a PhLImagesPresenter
		adapter: 	nil
		needRebuild: 	true
		eventHandler: 	nil
		application: 	nil
		focusOrder: 	nil
		contextKeyBindings: 	an ObservableValueHolder[ nil ]
		windowIcon: 	an ObservableValueHolder[ nil ]
		aboutText: 	an ObservableValueHolder[ nil ]
		askOkToClose: 	an ObservableValueHolder[ false ]
		titleHolder: 	an ObservableValueHolder[ 'Untitled window' ]
		additionalSubpresentersMap: 	nil
		layout: 	an ObservableValueHolder[ a SpBoxLayout ]
		visible: 	an ObservableValueHolder[ true ]
		extent: 	an ObservableValueHolder[ nil ]
		styles: 	#()
		announcingObject: 	a NewValueHolder[ Image (Pharo 12.0 - 64bit (stable)) ]
		description: 	a SpTextPresenter
		imageLabel: 	a SpLabelPresenter
		template: 	a SpLabelPresenter
		initializationScript: 	a SpLabelPresenter
		location: 	a SpLabelPresenter
		vm: 	a SpTextInputFieldPresenter
		templateUrl: 	a SpLabelPresenter
		shouldRunInitializationScript: 	a SpCheckBoxPresenter
		updating: 	false


FullBlockClosure(BlockClosure)>>cull:
	Receiver: [ :text | self updateImageDescription: text ]
	Arguments and temporary variables: 
		anArg: 	'There is no description'
	Receiver's instance variables: 
		outerContext: 	PhLImageDetailPresenter>>connectPresenters
		startpc: 	a CompiledBlock: [ :text | self updateImageDescription: text ]
		numArgs: 	1
		receiver: 	a PhLImageDetailPresenter


FullBlockClosure(BlockClosure)>>cull:cull:
	Receiver: [ :text | self updateImageDescription: text ]
	Arguments and temporary variables: 
		firstArg: 	'There is no description'
		secondArg: 	'There is no description'
	Receiver's instance variables: 
		outerContext: 	PhLImageDetailPresenter>>connectPresenters
		startpc: 	a CompiledBlock: [ :text | self updateImageDescription: text ]
		numArgs: 	1
		receiver: 	a PhLImageDetailPresenter


[ :block | block cull: self value cull: oldValue ] in ObservableValueHolder>>valueChanged:
	Receiver: an ObservableValueHolder[ 'There is no description' ]
	Arguments and temporary variables: 
		oldValue: 	'There is no description'
		block: 	[ :text | self updateImageDescription: text ]
	Receiver's instance variables: 
		subscriptions: 	an OrderedCollection([ self changed: #getText ] [ :text | self u...etc...
		lock: 	true
		value: 	'There is no description'


OrderedCollection>>do:
	Receiver: an OrderedCollection([ self changed: #getText ] [ :text | self updateImageDescription: tex...etc...
	Arguments and temporary variables: 
		aBlock: 	[ :block | block cull: self value cull: oldValue ]
		index: 	2
	Receiver's instance variables: 
		array: 	an Array([ self changed: #getText ] [ :text | self updateImageDescriptio...etc...
		firstIndex: 	1
		lastIndex: 	2


ObservableValueHolder>>valueChanged:
	Receiver: an ObservableValueHolder[ 'There is no description' ]
	Arguments and temporary variables: 
		oldValue: 	'There is no description'
	Receiver's instance variables: 
		subscriptions: 	an OrderedCollection([ self changed: #getText ] [ :text | self u...etc...
		lock: 	true
		value: 	'There is no description'


[ | oldValue |
	oldValue := value.
	value := anObject.
	self valueChanged: oldValue ] in ObservableValueHolder>>value:
	Receiver: an ObservableValueHolder[ 'There is no description' ]
	Arguments and temporary variables: 
		anObject: 	'There is no description'
		oldValue: 	'There is no description'
	Receiver's instance variables: 
		subscriptions: 	an OrderedCollection([ self changed: #getText ] [ :text | self u...etc...
		lock: 	true
		value: 	'There is no description'


FullBlockClosure(BlockClosure)>>ensure:
	Receiver: [ | oldValue |
	oldValue := value.
	value := anObject.
	self valueChanged: oldValue ]
	Arguments and temporary variables: 
		aBlock: 	[ lock := false ]
		complete: 	nil
		returnValue: 	nil
	Receiver's instance variables: 
		outerContext: 	ObservableValueHolder>>value:
		startpc: 	a CompiledBlock: [ | oldValue |
	oldValue := value.
	value := anObject...etc...
		numArgs: 	0
		receiver: 	an ObservableValueHolder[ 'There is no description' ]


ObservableValueHolder>>value:
	Receiver: an ObservableValueHolder[ 'There is no description' ]
	Arguments and temporary variables: 
		anObject: 	'There is no description'
	Receiver's instance variables: 
		subscriptions: 	an OrderedCollection([ self changed: #getText ] [ :text | self u...etc...
		lock: 	true
		value: 	'There is no description'


SpTextPresenter(SpAbstractTextPresenter)>>text:
	Receiver: a SpTextPresenter
	Arguments and temporary variables: 
		aString: 	'There is no description'
	Receiver's instance variables: 
		dependents: 	a DependentsArray(a SpMorphicTextAdapter)
		announcer: 	an Announcer
		owner: 	a PhLImageDetailPresenter
		adapter: 	nil
		needRebuild: 	true
		eventHandler: 	nil
		application: 	nil
		focusOrder: 	nil
		contextKeyBindings: 	an ObservableValueHolder[ nil ]
		windowIcon: 	an ObservableValueHolder[ nil ]
		aboutText: 	an ObservableValueHolder[ nil ]
		askOkToClose: 	an ObservableValueHolder[ false ]
		titleHolder: 	an ObservableValueHolder[ 'Text' ]
		additionalSubpresentersMap: 	nil
		layout: 	an ObservableValueHolder[ a SpAbstractWidgetLayout ]
		visible: 	an ObservableValueHolder[ true ]
		extent: 	an ObservableValueHolder[ nil ]
		styles: 	#()
		borderWidth: 	an ObservableValueHolder[ nil ]
		borderColor: 	an ObservableValueHolder[ nil ]
		dragEnabled: 	an ObservableValueHolder[ false ]
		dropEnabled: 	an ObservableValueHolder[ false ]
		color: 	an ObservableValueHolder[ nil ]
		help: 	an ObservableValueHolder[ nil ]
		enabled: 	an ObservableValueHolder[ true ]
		wantsDrop: 	an ObservableValueHolder[ [ :transfer | self dropEnabled ] ]
		acceptDrop: 	an ObservableValueHolder[ [ :transfer | ] ]
		deferredActions: 	nil
		hasUnacceptedEdits: 	an ObservableValueHolder[ false ]
		selection: 	an ObservableValueHolder[ (1 to: 0) ]
		wantsVisualFeedback: 	an ObservableValueHolder[ true ]
		askBeforeDiscardingEdits: 	an ObservableValueHolder[ true ]
		text: 	an ObservableValueHolder[ 'There is no description' ]
		actionToPerform: 	an ObservableValueHolder[ [ :txt |  ] ]
		readSelection: 	an ObservableValueHolder[ [ selection ] ]
		placeholder: 	an ObservableValueHolder[ '' ]
		contextMenu: 	an ObservableValueHolder[ nil ]
		scrollValue: 	an ObservableValueHolder[ (0@0) ]
		editionContextMenu: 	an ObservableValueHolder[ true ]
		editable: 	an ObservableValueHolder[ true ]
		wrapWord: 	an ObservableValueHolder[ true ]
		undoRedoHistory: 	true
		wrapScrollBars: 	true
		propagateNaturalHeight: 	false
		propagateNaturalWidth: 	false
		scrollBarStyles: 	#()


[
		self presenter text: aString.
		"Raise an announcement"
		self presenter changed: #clearUserEdits] in SpMorphicTextAdapter(SpMorphicBaseTextAdapter)>>accept:notifying:
	Receiver: a SpMorphicTextAdapter
	Arguments and temporary variables: 
		aString: 	'There is no description'
		aNotifyier: 	a SpRubScrolledTextMorph(860515072)
	Receiver's instance variables: 
		dependents: 	nil
		announcer: 	nil
		model: 	a SpTextPresenter
		widget: 	nil
		selector: 	nil
		owner: 	a SpTextPresenter
		unsubscribed: 	false
		selection: 	(1 to: 23)
		updating: 	true


FullBlockClosure(BlockClosure)>>ensure:
	Receiver: [
		self presenter text: aString.
		"Raise an announcement"
		self presenter changed: #cle...etc...
	Arguments and temporary variables: 
		aBlock: 	[ 
		updating := false ]
		complete: 	nil
		returnValue: 	nil
	Receiver's instance variables: 
		outerContext: 	SpMorphicTextAdapter(SpMorphicBaseTextAdapter)>>accept:notifying:...etc...
		startpc: 	a CompiledBlock: [
		self presenter text: aString.
		"Raise an announc...etc...
		numArgs: 	0
		receiver: 	a SpMorphicTextAdapter


SpMorphicTextAdapter(SpMorphicBaseTextAdapter)>>accept:notifying:
	Receiver: a SpMorphicTextAdapter
	Arguments and temporary variables: 
		aString: 	'There is no description'
		aNotifyier: 	a SpRubScrolledTextMorph(860515072)
	Receiver's instance variables: 
		dependents: 	nil
		announcer: 	nil
		model: 	a SpTextPresenter
		widget: 	nil
		selector: 	nil
		owner: 	a SpTextPresenter
		unsubscribed: 	false
		selection: 	(1 to: 23)
		updating: 	true


SpMorphicTextAdapter>>accept:notifying:
	Receiver: a SpMorphicTextAdapter
	Arguments and temporary variables: 
		aString: 	a Text for 'There is no description'
		aNotifyier: 	a SpRubScrolledTextMorph(860515072)
	Receiver's instance variables: 
		dependents: 	nil
		announcer: 	nil
		model: 	a SpTextPresenter
		widget: 	nil
		selector: 	nil
		owner: 	a SpTextPresenter
		unsubscribed: 	false
		selection: 	(1 to: 23)
		updating: 	true


SpRubScrolledTextMorph(RubScrolledTextMorph)>>acceptTextInModel
	Receiver: a SpRubScrolledTextMorph(860515072)
	Arguments and temporary variables: 
x
	Receiver's instance variables: 
		bounds: 	(0@0) corner: (50@40)
		owner: 	nil
		submorphs: 	an Array(a RubTextScrollPane(64650496) a RubGhostTextDisplayer(10292...etc...
		fullBounds: 	nil
		color: 	Color white
		extension: 	a MorphExtension (569645056) [other:  (announcer -> an Announcer) (d...etc...
		hasEditingConflicts: 	false
		hasUnacceptedEdits: 	false
		alwaysAccept: 	nil
		setTextSelector: 	#accept:notifying:
		getTextSelector: 	#getText
		getSelectionSelector: 	#readSelection
		setSelectionSelector: 	#setSelection:
		autoAccept: 	true
		scrollPane: 	a RubTextScrollPane(64650496)
		rulers: 	a SortedCollection(a RubGhostTextDisplayer(1029246720))
		enabled: 	true
		highlights: 	an OrderedCollection()
		getBackgroundColorSelector: 	nil
		askBeforeDiscardingEdits: 	true


SpRubScrolledTextMorph(RubScrolledTextMorph)>>acceptContents
	Receiver: a SpRubScrolledTextMorph(860515072)
	Arguments and temporary variables: 
x
	Receiver's instance variables: 
		bounds: 	(0@0) corner: (50@40)
		owner: 	nil
		submorphs: 	an Array(a RubTextScrollPane(64650496) a RubGhostTextDisplayer(10292...etc...
		fullBounds: 	nil
		color: 	Color white
		extension: 	a MorphExtension (569645056) [other:  (announcer -> an Announcer) (d...etc...
		hasEditingConflicts: 	false
		hasUnacceptedEdits: 	false
		alwaysAccept: 	nil
		setTextSelector: 	#accept:notifying:
		getTextSelector: 	#getText
		getSelectionSelector: 	#readSelection
		setSelectionSelector: 	#setSelection:
		autoAccept: 	true
		scrollPane: 	a RubTextScrollPane(64650496)
		rulers: 	a SortedCollection(a RubGhostTextDisplayer(1029246720))
		enabled: 	true
		highlights: 	an OrderedCollection()
		getBackgroundColorSelector: 	nil
		askBeforeDiscardingEdits: 	true


SpRubScrolledTextMorph(RubScrolledTextMorph)>>textChanged
	Receiver: a SpRubScrolledTextMorph(860515072)
	Arguments and temporary variables: 
x
	Receiver's instance variables: 
		bounds: 	(0@0) corner: (50@40)
		owner: 	nil
		submorphs: 	an Array(a RubTextScrollPane(64650496) a RubGhostTextDisplayer(10292...etc...
		fullBounds: 	nil
		color: 	Color white
		extension: 	a MorphExtension (569645056) [other:  (announcer -> an Announcer) (d...etc...
		hasEditingConflicts: 	false
		hasUnacceptedEdits: 	false
		alwaysAccept: 	nil
		setTextSelector: 	#accept:notifying:
		getTextSelector: 	#getText
		getSelectionSelector: 	#readSelection
		setSelectionSelector: 	#setSelection:
		autoAccept: 	true
		scrollPane: 	a RubTextScrollPane(64650496)
		rulers: 	a SortedCollection(a RubGhostTextDisplayer(1029246720))
		enabled: 	true
		highlights: 	an OrderedCollection()
		getBackgroundColorSelector: 	nil
		askBeforeDiscardingEdits: 	true


RubTextScrollPane>>textChanged
	Receiver: a RubTextScrollPane(64650496)
	Arguments and temporary variables: 
		o: 	a SpRubScrolledTextMorph(860515072)
	Receiver's instance variables: 
		bounds: 	(0@0) corner: (50@40)
		owner: 	a SpRubScrolledTextMorph(860515072)
		submorphs: 	an Array(a RubScrollBar(102988800) a TransformWithLayoutMorph(617479...etc...
		fullBounds: 	nil
		color: 	Color transparent
		extension: 	a MorphExtension (564840704) [other:  (announcer -> an Announcer)]
		scroller: 	a TransformWithLayoutMorph(61747968)
		hScrollbar: 	a RubScrollBar(327052800)
		vScrollbar: 	a RubScrollBar(102988800)
		drawFocusBorder: 	true


RubEditingArea(RubAbstractTextArea)>>paragraphReplacedTextFrom:to:with:
	Receiver: a RubEditingArea(293357056)
	Arguments and temporary variables: 
		start: 	1
		stop: 	23
		aText: 	a Text for 'There is no description'
		sp: 	a RubTextScrollPane(64650496)
	Receiver's instance variables: 
		bounds: 	(0@0) corner: (37@126)
		owner: 	a TransformWithLayoutMorph(61747968)
		submorphs: 	an Array(a RubPrimarySelectionMorph(72718336) a RubCursor(407685888)...etc...
		fullBounds: 	nil
		color: 	Color transparent
		extension: 	a MorphExtension (993756672) [other:  (announcer -> an Announcer)]
		model: 	a SpMorphicTextAdapter
		paragraph: 	a RubCurrentLineBarDecorator
		editor: 	a RubTextEditor
		scrollPane: 	a RubTextScrollPane(64650496)
		editingState: 	a RubEditingState
		textStyle: 	a TextStyle Source Sans Pro
		textColor: 	nil
		margins: 	a Margin top: 6 left: 6 bottom: 6 right: 6
		readOnly: 	false
		menuAllowed: 	nil
		editingMode: 	a RubPlainTextMode
		cursor: 	a RubCursor(407685888)
		segments: 	an OrderedCollection()
		embeddedMorphs: 	nil
		getMenuPolicy: 	a RubPluggableGetMenuPolicy
		mouseDownPoint: 	nil
		completionEngine: 	nil
		maxLength: 	nil
		findReplaceService: 	a SpRubFindReplaceService
		wrapped: 	true
		editorClass: 	RubTextEditor


[ 
			self composer emphasisHere: textArea emphasisHere.
			self composer replaceFrom: start to: stop with: aText.
			self text: self composer text.
			textArea paragraphWasComposedFrom: start to: stop.
			textArea paragraphReplacedTextFrom: start to: stop with: aText ] in RubParagraph>>replaceFrom:to:with:
	Receiver: a RubParagraph
	Arguments and temporary variables: 
		start: 	1
		stop: 	23
		aText: 	a Text for 'There is no description'
	Receiver's instance variables: 
		text: 	a Text for 'There is no description'
		composer: 	a RubTextComposer
		container: 	(0@0) corner: (37@126)
		drawingEnabled: 	false
		textArea: 	a RubEditingArea(293357056)


FullBlockClosure(BlockClosure)>>ensure:
	Receiver: [ 
			self composer emphasisHere: textArea emphasisHere.
			self composer replaceFrom: sta...etc...
	Arguments and temporary variables: 
		aBlock: 	[ self enableDrawing ]
		complete: 	nil
		returnValue: 	nil
	Receiver's instance variables: 
		outerContext: 	RubParagraph>>replaceFrom:to:with:
		startpc: 	a CompiledBlock: [ 
			self composer emphasisHere: textArea emphasisHe...etc...
		numArgs: 	0
		receiver: 	a RubParagraph


RubParagraph>>disableDrawingWhile:
	Receiver: a RubParagraph
	Arguments and temporary variables: 
		aBlock: 	[ 
			self composer emphasisHere: textArea emphasisHere.
			self compos...etc...
	Receiver's instance variables: 
		text: 	a Text for 'There is no description'
		composer: 	a RubTextComposer
		container: 	(0@0) corner: (37@126)
		drawingEnabled: 	false
		textArea: 	a RubEditingArea(293357056)


RubParagraph>>replaceFrom:to:with:
	Receiver: a RubParagraph
	Arguments and temporary variables: 
		start: 	1
		stop: 	23
		aText: 	a Text for 'There is no description'
	Receiver's instance variables: 
		text: 	a Text for 'There is no description'
		composer: 	a RubTextComposer
		container: 	(0@0) corner: (37@126)
		drawingEnabled: 	false
		textArea: 	a RubEditingArea(293357056)


RubCurrentLineBarDecorator(RubParagraphDecorator)>>replaceFrom:to:with:
	Receiver: a RubCurrentLineBarDecorator
	Arguments and temporary variables: 
		start: 	1
		stop: 	23
		aText: 	a Text for 'There is no description'
	Receiver's instance variables: 
		next: 	a RubExtraSelectionDecorator


RubEditingArea(RubAbstractTextArea)>>privateReplaceFrom:to:with:
	Receiver: a RubEditingArea(293357056)
	Arguments and temporary variables: 
		start: 	1
		stop: 	23
		aText: 	a Text for 'There is no description'
	Receiver's instance variables: 
		bounds: 	(0@0) corner: (37@126)
		owner: 	a TransformWithLayoutMorph(61747968)
		submorphs: 	an Array(a RubPrimarySelectionMorph(72718336) a RubCursor(407685888)...etc...
		fullBounds: 	nil
		color: 	Color transparent
		extension: 	a MorphExtension (993756672) [other:  (announcer -> an Announcer)]
		model: 	a SpMorphicTextAdapter
		paragraph: 	a RubCurrentLineBarDecorator
		editor: 	a RubTextEditor
		scrollPane: 	a RubTextScrollPane(64650496)
		editingState: 	a RubEditingState
		textStyle: 	a TextStyle Source Sans Pro
		textColor: 	nil
		margins: 	a Margin top: 6 left: 6 bottom: 6 right: 6
		readOnly: 	false
		menuAllowed: 	nil
		editingMode: 	a RubPlainTextMode
		cursor: 	a RubCursor(407685888)
		segments: 	an OrderedCollection()
		embeddedMorphs: 	nil
		getMenuPolicy: 	a RubPluggableGetMenuPolicy
		mouseDownPoint: 	nil
		completionEngine: 	nil
		maxLength: 	nil
		findReplaceService: 	a SpRubFindReplaceService
		wrapped: 	true
		editorClass: 	RubTextEditor


RubTextEditor>>zapSelectionWith:
	Receiver: a RubTextEditor
	Arguments and temporary variables: 
		aText: 	'There is no description'
		start: 	1
		stop: 	24
	Receiver's instance variables: 
		defaultKeymappingIndex: 	nil
		textArea: 	a RubEditingArea(293357056)


RubTextEditor>>replace:with:and:
	Receiver: a RubTextEditor
	Arguments and temporary variables: 
		xoldInterval: 	(1 to: 23)
		newText: 	'There is no description'
		selectingBlock: 	[]
		prevSel: 	a Text for 'There is no description'
		currInterval: 	(1 to: 23)
	Receiver's instance variables: 
		defaultKeymappingIndex: 	nil
		textArea: 	a RubEditingArea(293357056)


RubTextEditor>>replaceSelectionWith:
	Receiver: a RubTextEditor
	Arguments and temporary variables: 
		aText: 	'There is no description'
	Receiver's instance variables: 
		defaultKeymappingIndex: 	nil
		textArea: 	a RubEditingArea(293357056)


[ 
					| s |
					s := self validateTextFrom: aStringOrText.
					s = self text
						ifFalse: [ self selectAll.
							self editor replaceSelectionWith: s.
							self deselect ] ] in [ self
				beEditableWhile: [ 
					| s |
					s := self validateTextFrom: aStringOrText.
					s = self text
						ifFalse: [ self selectAll.
							self editor replaceSelectionWith: s.
							self deselect ] ] ] in RubEditingArea(RubAbstractTextArea)>>updateTextWith:
	Receiver: a RubEditingArea(293357056)
	Arguments and temporary variables: 
		aStringOrText: 	'There is no description'
		s: 	'There is no description'
	Receiver's instance variables: 
		bounds: 	(0@0) corner: (37@126)
		owner: 	a TransformWithLayoutMorph(61747968)
		submorphs: 	an Array(a RubPrimarySelectionMorph(72718336) a RubCursor(407685888)...etc...
		fullBounds: 	nil
		color: 	Color transparent
		extension: 	a MorphExtension (993756672) [other:  (announcer -> an Announcer)]
		model: 	a SpMorphicTextAdapter
		paragraph: 	a RubCurrentLineBarDecorator
		editor: 	a RubTextEditor
		scrollPane: 	a RubTextScrollPane(64650496)
		editingState: 	a RubEditingState
		textStyle: 	a TextStyle Source Sans Pro
		textColor: 	nil
		margins: 	a Margin top: 6 left: 6 bottom: 6 right: 6
		readOnly: 	false
		menuAllowed: 	nil
		editingMode: 	a RubPlainTextMode
		cursor: 	a RubCursor(407685888)
		segments: 	an OrderedCollection()
		embeddedMorphs: 	nil
		getMenuPolicy: 	a RubPluggableGetMenuPolicy
		mouseDownPoint: 	nil
		completionEngine: 	nil
		maxLength: 	nil
		findReplaceService: 	a SpRubFindReplaceService
		wrapped: 	true
		editorClass: 	RubTextEditor


FullBlockClosure(BlockClosure)>>ensure:
	Receiver: [ 
					| s |
					s := self validateTextFrom: aStringOrText.
					s = self text
						ifF...etc...
	Arguments and temporary variables: 
		aBlock: 	[ self readOnly:  wasEditable]
		complete: 	nil
		returnValue: 	nil
	Receiver's instance variables: 
		outerContext: 	[ self
				beEditableWhile: [ 
					| s |
					s := self validate...etc...
		startpc: 	a CompiledBlock: [ 
					| s |
					s := self validateTextFrom: aStrin...etc...
		numArgs: 	0
		receiver: 	a RubEditingArea(293357056)


RubEditingArea(RubAbstractTextArea)>>beEditableWhile:
	Receiver: a RubEditingArea(293357056)
	Arguments and temporary variables: 
		aBlock: 	[ 
					| s |
					s := self validateTextFrom: aStringOrText.
					s = ...etc...
		wasEditable: 	false
	Receiver's instance variables: 
		bounds: 	(0@0) corner: (37@126)
		owner: 	a TransformWithLayoutMorph(61747968)
		submorphs: 	an Array(a RubPrimarySelectionMorph(72718336) a RubCursor(407685888)...etc...
		fullBounds: 	nil
		color: 	Color transparent
		extension: 	a MorphExtension (993756672) [other:  (announcer -> an Announcer)]
		model: 	a SpMorphicTextAdapter
		paragraph: 	a RubCurrentLineBarDecorator
		editor: 	a RubTextEditor
		scrollPane: 	a RubTextScrollPane(64650496)
		editingState: 	a RubEditingState
		textStyle: 	a TextStyle Source Sans Pro
		textColor: 	nil
		margins: 	a Margin top: 6 left: 6 bottom: 6 right: 6
		readOnly: 	false
		menuAllowed: 	nil
		editingMode: 	a RubPlainTextMode
		cursor: 	a RubCursor(407685888)
		segments: 	an OrderedCollection()
		embeddedMorphs: 	nil
		getMenuPolicy: 	a RubPluggableGetMenuPolicy
		mouseDownPoint: 	nil
		completionEngine: 	nil
		maxLength: 	nil
		findReplaceService: 	a SpRubFindReplaceService
		wrapped: 	true
		editorClass: 	RubTextEditor


[ self
				beEditableWhile: [ 
					| s |
					s := self validateTextFrom: aStringOrText.
					s = self text
						ifFalse: [ self selectAll.
							self editor replaceSelectionWith: s.
							self deselect ] ] ] in RubEditingArea(RubAbstractTextArea)>>updateTextWith:
	Receiver: a RubEditingArea(293357056)
	Arguments and temporary variables: 
		aStringOrText: 	'There is no description'
	Receiver's instance variables: 
		bounds: 	(0@0) corner: (37@126)
		owner: 	a TransformWithLayoutMorph(61747968)
		submorphs: 	an Array(a RubPrimarySelectionMorph(72718336) a RubCursor(407685888)...etc...
		fullBounds: 	nil
		color: 	Color transparent
		extension: 	a MorphExtension (993756672) [other:  (announcer -> an Announcer)]
		model: 	a SpMorphicTextAdapter
		paragraph: 	a RubCurrentLineBarDecorator
		editor: 	a RubTextEditor
		scrollPane: 	a RubTextScrollPane(64650496)
		editingState: 	a RubEditingState
		textStyle: 	a TextStyle Source Sans Pro
		textColor: 	nil
		margins: 	a Margin top: 6 left: 6 bottom: 6 right: 6
		readOnly: 	false
		menuAllowed: 	nil
		editingMode: 	a RubPlainTextMode
		cursor: 	a RubCursor(407685888)
		segments: 	an OrderedCollection()
		embeddedMorphs: 	nil
		getMenuPolicy: 	a RubPluggableGetMenuPolicy
		mouseDownPoint: 	nil
		completionEngine: 	nil
		maxLength: 	nil
		findReplaceService: 	a SpRubFindReplaceService
		wrapped: 	true
		editorClass: 	RubTextEditor


RubEditingArea(RubAbstractTextArea)>>handleEdit:
	Receiver: a RubEditingArea(293357056)
	Arguments and temporary variables: 
		editBlock: 	[ self
				beEditableWhile: [ 
					| s |
					s := self validateTex...etc...
	Receiver's instance variables: 
		bounds: 	(0@0) corner: (37@126)
		owner: 	a TransformWithLayoutMorph(61747968)
		submorphs: 	an Array(a RubPrimarySelectionMorph(72718336) a RubCursor(407685888)...etc...
		fullBounds: 	nil
		color: 	Color transparent
		extension: 	a MorphExtension (993756672) [other:  (announcer -> an Announcer)]
		model: 	a SpMorphicTextAdapter
		paragraph: 	a RubCurrentLineBarDecorator
		editor: 	a RubTextEditor
		scrollPane: 	a RubTextScrollPane(64650496)
		editingState: 	a RubEditingState
		textStyle: 	a TextStyle Source Sans Pro
		textColor: 	nil
		margins: 	a Margin top: 6 left: 6 bottom: 6 right: 6
		readOnly: 	false
		menuAllowed: 	nil
		editingMode: 	a RubPlainTextMode
		cursor: 	a RubCursor(407685888)
		segments: 	an OrderedCollection()
		embeddedMorphs: 	nil
		getMenuPolicy: 	a RubPluggableGetMenuPolicy
		mouseDownPoint: 	nil
		completionEngine: 	nil
		maxLength: 	nil
		findReplaceService: 	a SpRubFindReplaceService
		wrapped: 	true
		editorClass: 	RubTextEditor



--- The full stack ---
Process>>doTerminationFromAnotherProcess
Process>>terminate
PhLImageDescriptionUpdater>>terminateProcess
PhLImageDescriptionUpdater>>image:description:
PhLImageDescriptionUpdater class>>image:description:
PhLImageDetailPresenter>>updateImageDescription:
[ :text | self updateImageDescription: text ] in PhLImageDetailPresenter>>connectPresenters
FullBlockClosure(BlockClosure)>>cull:
FullBlockClosure(BlockClosure)>>cull:cull:
[ :block | block cull: self value cull: oldValue ] in ObservableValueHolder>>valueChanged:
OrderedCollection>>do:
ObservableValueHolder>>valueChanged:
[ | oldValue |
	oldValue := value.
	value := anObject.
	self valueChanged: oldValue ] in ObservableValueHolder>>value:
FullBlockClosure(BlockClosure)>>ensure:
ObservableValueHolder>>value:
SpTextPresenter(SpAbstractTextPresenter)>>text:
[
		self presenter text: aString.
		"Raise an announcement"
		self presenter changed: #clearUserEdits] in SpMorphicTextAdapter(SpMorphicBaseTextAdapter)>>accept:notifying:
FullBlockClosure(BlockClosure)>>ensure:
SpMorphicTextAdapter(SpMorphicBaseTextAdapter)>>accept:notifying:
SpMorphicTextAdapter>>accept:notifying:
SpRubScrolledTextMorph(RubScrolledTextMorph)>>acceptTextInModel
SpRubScrolledTextMorph(RubScrolledTextMorph)>>acceptContents
SpRubScrolledTextMorph(RubScrolledTextMorph)>>textChanged
RubTextScrollPane>>textChanged
RubEditingArea(RubAbstractTextArea)>>paragraphReplacedTextFrom:to:with:
[ 
			self composer emphasisHere: textArea emphasisHere.
			self composer replaceFrom: start to: stop with: aText.
			self text: self composer text.
			textArea paragraphWasComposedFrom: start to: stop.
			textArea paragraphReplacedTextFrom: start to: stop with: aText ] in RubParagraph>>replaceFrom:to:with:
FullBlockClosure(BlockClosure)>>ensure:
RubParagraph>>disableDrawingWhile:
RubParagraph>>replaceFrom:to:with:
RubCurrentLineBarDecorator(RubParagraphDecorator)>>replaceFrom:to:with:
RubEditingArea(RubAbstractTextArea)>>privateReplaceFrom:to:with:
RubTextEditor>>zapSelectionWith:
RubTextEditor>>replace:with:and:
RubTextEditor>>replaceSelectionWith:
[ 
					| s |
					s := self validateTextFrom: aStringOrText.
					s = self text
						ifFalse: [ self selectAll.
							self editor replaceSelectionWith: s.
							self deselect ] ] in [ self
				beEditableWhile: [ 
					| s |
					s := self validateTextFrom: aStringOrText.
					s = self text
						ifFalse: [ self selectAll.
							self editor replaceSelectionWith: s.
							self deselect ] ] ] in RubEditingArea(RubAbstractTextArea)>>updateTextWith:
FullBlockClosure(BlockClosure)>>ensure:
RubEditingArea(RubAbstractTextArea)>>beEditableWhile:
[ self
				beEditableWhile: [ 
					| s |
					s := self validateTextFrom: aStringOrText.
					s = self text
						ifFalse: [ self selectAll.
							self editor replaceSelectionWith: s.
							self deselect ] ] ] in RubEditingArea(RubAbstractTextArea)>>updateTextWith:
RubEditingArea(RubAbstractTextArea)>>handleEdit:
 - - - - - - - - - - - - - - -  
			- - - - - - - - - - - - - - - - - -
RubEditingArea(RubAbstractTextArea)>>updateTextWith:
RubTextScrollPane>>updateTextWith:
SpRubScrolledTextMorph(RubScrolledTextMorph)>>updateTextWith:
SpRubScrolledTextMorph(RubScrolledTextMorph)>>setText:
SpMorphicTextAdapter>>setText:to:
SpMorphicTextAdapter>>buildWidget
SpMorphicTextAdapter(SpAbstractAdapter)>>adapt:
SpMorphicTextAdapter(SpAbstractMorphicAdapter)>>adapt:
SpAbstractWidgetLayout>>adapt:bindings:
SpAbstractWidgetLayout>>buildAdapterFor:bindings:
SpTextPresenter(SpAbstractPresenter)>>basicBuildAdapterWithLayout:
SpTextPresenter(SpPresenter)>>basicBuildAdapterWithLayout:
SpTextPresenter(SpAbstractWidgetPresenter)>>basicBuildAdapterWithLayout:
[ self basicBuildAdapterWithLayout: aSpecLayout ] in SpTextPresenter(SpAbstractPresenter)>>buildAdapterWithLayout:
[ activeProcess
			psValueAt: index
			put: anObject.
		aBlock value ] in SpBindings(DynamicVariable)>>value:during:
FullBlockClosure(BlockClosure)>>ensure:
SpBindings(DynamicVariable)>>value:during:
SpBindings class(DynamicVariable class)>>value:during:
SpTextPresenter(SpAbstractPresenter)>>buildAdapterWithLayout:
SpTextPresenter(SpAbstractPresenter)>>buildWithLayout:
SpTextPresenter(SpAbstractPresenter)>>buildWithSelector:
SpMorphicGridAdapter(SpMorphicLayoutAdapter)>>buildMorph:constraints:
SpMorphicGridAdapter>>basicAdd:constraints:to:
[ :aPanel |
		self 
			basicAdd: aPresenter
			constraints: constraints 
			to: aPanel ] in SpMorphicGridAdapter(SpMorphicLayoutAdapter)>>add:constraints:
FullBlockClosure(BlockClosure)>>cull:
Morph(ProtoObject)>>ifNotNil:
SpMorphicGridAdapter(SpAbstractAdapter)>>widgetDo:
SpMorphicGridAdapter(SpMorphicLayoutAdapter)>>add:constraints:
[ :presenterNameOrLayout :constraints | 
		"Since a layout can be composed (by other layouts), we can include a 
		 presenter or a layout" 
		adapter 
			add: (self 
				resolvePresenter: presenterNameOrLayout 
				presenter: aPresenter 
				bindings: bindings) 
			constraints: constraints ] in SpGridLayout(SpExecutableLayout)>>buildAdapterFor:bindings:
[:each | aBlock value: each value: (self at: each)] in OrderedDictionary>>keysAndValuesDo:
OrderedDictionary>>keysDo:
OrderedDictionary>>keysAndValuesDo:
SpGridLayout(SpExecutableLayout)>>buildAdapterFor:bindings:
SpBoxLayout(SpExecutableLayout)>>resolvePresenter:presenter:bindings:
[ :presenterNameOrLayout :constraints | 
		"Since a layout can be composed (by other layouts), we can include a 
		 presenter or a layout" 
		adapter 
			add: (self 
				resolvePresenter: presenterNameOrLayout 
				presenter: aPresenter 
				bindings: bindings) 
			constraints: constraints ] in SpBoxLayout(SpExecutableLayout)>>buildAdapterFor:bindings:
[:each | aBlock value: each value: (self at: each)] in OrderedDictionary>>keysAndValuesDo:
OrderedDictionary>>keysDo:
OrderedDictionary>>keysAndValuesDo:
SpBoxLayout(SpExecutableLayout)>>buildAdapterFor:bindings:
PhLImageDetailPresenter(SpAbstractPresenter)>>basicBuildAdapterWithLayout:
PhLImageDetailPresenter(SpPresenter)>>basicBuildAdapterWithLayout:
[ self basicBuildAdapterWithLayout: aSpecLayout ] in PhLImageDetailPresenter(SpAbstractPresenter)>>buildAdapterWithLayout:
[ activeProcess
			psValueAt: index
			put: anObject.
		aBlock value ] in SpBindings(DynamicVariable)>>value:during:
FullBlockClosure(BlockClosure)>>ensure:
SpBindings(DynamicVariable)>>value:during:
SpBindings class(DynamicVariable class)>>value:during:
PhLImageDetailPresenter(SpAbstractPresenter)>>buildAdapterWithLayout:
PhLImageDetailPresenter(SpAbstractPresenter)>>buildWithLayout:
PhLImageDetailPresenter(SpAbstractPresenter)>>buildWithSelector:
SpMorphicPanedAdapter(SpMorphicLayoutAdapter)>>buildMorph:constraints:
SpMorphicPanedAdapter>>basicAdd:constraints:to:
[ :aPanel |
		self 
			basicAdd: aPresenter
			constraints: constraints 
			to: aPanel ] in SpMorphicPanedAdapter(SpMorphicLayoutAdapter)>>add:constraints:
FullBlockClosure(BlockClosure)>>cull:
Morph(ProtoObject)>>ifNotNil:
SpMorphicPanedAdapter(SpAbstractAdapter)>>widgetDo:
SpMorphicPanedAdapter(SpMorphicLayoutAdapter)>>add:constraints:
[ :presenterNameOrLayout :constraints | 
		"Since a layout can be composed (by other layouts), we can include a 
		 presenter or a layout" 
		adapter 
			add: (self 
				resolvePresenter: presenterNameOrLayout 
				presenter: aPresenter 
				bindings: bindings) 
			constraints: constraints ] in SpPanedLayout(SpExecutableLayout)>>buildAdapterFor:bindings:
[:each | aBlock value: each value: (self at: each)] in OrderedDictionary>>keysAndValuesDo:
OrderedDictionary>>keysDo:
OrderedDictionary>>keysAndValuesDo:
SpPanedLayout(SpExecutableLayout)>>buildAdapterFor:bindings:
SpBoxLayout(SpExecutableLayout)>>resolvePresenter:presenter:bindings:
[ :presenterNameOrLayout :constraints | 
		"Since a layout can be composed (by other layouts), we can include a 
		 presenter or a layout" 
		adapter 
			add: (self 
				resolvePresenter: presenterNameOrLayout 
				presenter: aPresenter 
				bindings: bindings) 
			constraints: constraints ] in SpBoxLayout(SpExecutableLayout)>>buildAdapterFor:bindings:
[:each | aBlock value: each value: (self at: each)] in OrderedDictionary>>keysAndValuesDo:
OrderedDictionary>>keysDo:
OrderedDictionary>>keysAndValuesDo:
SpBoxLayout(SpExecutableLayout)>>buildAdapterFor:bindings:
PhLImagesPresenter(SpAbstractPresenter)>>basicBuildAdapterWithLayout:
PhLImagesPresenter(SpPresenter)>>basicBuildAdapterWithLayout:
[ self basicBuildAdapterWithLayout: aSpecLayout ] in PhLImagesPresenter(SpAbstractPresenter)>>buildAdapterWithLayout:
[ activeProcess
			psValueAt: index
			put: anObject.
		aBlock value ] in SpBindings(DynamicVariable)>>value:during:
FullBlockClosure(BlockClosure)>>ensure:
SpBindings(DynamicVariable)>>value:during:
SpBindings class(DynamicVariable class)>>value:during:
PhLImagesPresenter(SpAbstractPresenter)>>buildAdapterWithLayout:
PhLImagesPresenter(SpAbstractPresenter)>>buildWithLayout:
SpMorphicWorldAdapter>>addPresenterIn:withSpecLayout:
SpMorphicWorldAdapter(SpAbstractAdapter)>>update:with:
[:aDependent | aDependent update: anAspect with: anObject] in SpWorldPresenter(Model)>>changed:with:
DependentsArray>>do:
SpWorldPresenter(Model)>>changed:with:
SpWorldPresenter>>addPresenterIn:withSpecLayout:
SpWorldPresenter(SpWindowPresenter)>>buildWindowWithLayout:presenterLayout:
SpWorldPresenter(SpWindowPresenter)>>basicBuildWithSpecLayout:
[ self basicBuildWithSpecLayout: aSpecLayout ] in SpWorldPresenter(SpWindowPresenter)>>buildWithSpecLayout:
[ activeProcess
			psValueAt: index
			put: anObject.
		aBlock value ] in SpBindings(DynamicVariable)>>value:during:
FullBlockClosure(BlockClosure)>>ensure:
SpBindings(DynamicVariable)>>value:during:
SpBindings class(DynamicVariable class)>>value:during:
SpWorldPresenter(SpWindowPresenter)>>buildWithSpecLayout:
SpWorldPresenter>>openWithLayout:
SpWorldPresenter(SpWindowPresenter)>>openWith:
SpWorldPresenter(SpWindowPresenter)>>open
PharoLauncherApplication>>startFull
PharoLauncherApplication>>start
PharoLauncherApplication(SpApplication)>>run
PharoLauncherApplication class>>openFull
PhLDeploymentScript class>>openLauncher
PhLDeploymentScript class>>closeWindowsAndOpenLauncher
PhLDeploymentScript class>>launcherStartUp
[ :c | c ifNotNil: [ c launcherStartUp ] ] in PhLStartupManager class>>startUp:
SortedCollection(OrderedCollection)>>do:
PhLStartupManager class>>startUp:
ClassSessionHandler>>startup:
[ :each | each startup: isImageStarting ] in WorkingSession>>runStartup:
[aBlock value: each] in [ :each | 
		[aBlock value: each] 
			on: Exception
			do: [ :error | self errorHandler handleError: error] ] in WorkingSession>>runList:do:
FullBlockClosure(BlockClosure)>>on:do:
[ :each | 
		[aBlock value: each] 
			on: Exception
			do: [ :error | self errorHandler handleError: error] ] in WorkingSession>>runList:do:
Array(SequenceableCollection)>>do:
WorkingSession>>runList:do:
WorkingSession>>runStartup:
WorkingSession>>start:
SessionManager>>launchSnapshot:andQuit:
[ isImageStarting := self launchSnapshot: save andQuit: quit.
	  wait signal. ] in SessionManager>>snapshot:andQuit:
[self value.
			"IMPORTANT: Do not step over next line of code. See method comments for details"
			Processor terminateRealActive] in FullBlockClosure(BlockClosure)>>newProcess
-------------------------------------------------------------------------------

